yt,yt_wnid,yt_name,yp,yp_wnid,yp_name,val_ds_index,rel_path,dps,mode_label_excluding_yp,mode_wnid_excluding_yp,mode_name_excluding_yp,mode_count_excluding_yp,M,N
0,n01443537,"goldfish, Carassius auratus",1,n01629819,"European fire salamander, Salamandra salamandra",68,val/images/val_68.JPEG,0.5875000000,0,n01443537,"goldfish, Carassius auratus",188,8,40
0,n01443537,"goldfish, Carassius auratus",1,n01629819,"European fire salamander, Salamandra salamandra",611,val/images/val_611.JPEG,0.6531250000,0,n01443537,"goldfish, Carassius auratus",209,8,40
0,n01443537,"goldfish, Carassius auratus",1,n01629819,"European fire salamander, Salamandra salamandra",651,val/images/val_651.JPEG,0.8468750000,0,n01443537,"goldfish, Carassius auratus",271,8,40
0,n01443537,"goldfish, Carassius auratus",1,n01629819,"European fire salamander, Salamandra salamandra",653,val/images/val_653.JPEG,0.9218750000,0,n01443537,"goldfish, Carassius auratus",295,8,40
0,n01443537,"goldfish, Carassius auratus",1,n01629819,"European fire salamander, Salamandra salamandra",886,val/images/val_886.JPEG,0.8000000000,0,n01443537,"goldfish, Carassius auratus",256,8,40
0,n01443537,"goldfish, Carassius auratus",1,n01629819,"European fire salamander, Salamandra salamandra",1230,val/images/val_1230.JPEG,0.4875000000,0,n01443537,"goldfish, Carassius auratus",156,8,40
0,n01443537,"goldfish, Carassius auratus",1,n01629819,"European fire salamander, Salamandra salamandra",1267,val/images/val_1267.JPEG,0.6656250000,0,n01443537,"goldfish, Carassius auratus",213,8,40
0,n01443537,"goldfish, Carassius auratus",1,n01629819,"European fire salamander, Salamandra salamandra",1284,val/images/val_1284.JPEG,0.8718750000,0,n01443537,"goldfish, Carassius auratus",279,8,40
0,n01443537,"goldfish, Carassius auratus",1,n01629819,"European fire salamander, Salamandra salamandra",1551,val/images/val_1551.JPEG,0.8968750000,0,n01443537,"goldfish, Carassius auratus",287,8,40
0,n01443537,"goldfish, Carassius auratus",1,n01629819,"European fire salamander, Salamandra salamandra",1640,val/images/val_1640.JPEG,0.5500000000,0,n01443537,"goldfish, Carassius auratus",176,8,40
0,n01443537,"goldfish, Carassius auratus",1,n01629819,"European fire salamander, Salamandra salamandra",1917,val/images/val_1917.JPEG,0.9281250000,0,n01443537,"goldfish, Carassius auratus",297,8,40
0,n01443537,"goldfish, Carassius auratus",1,n01629819,"European fire salamander, Salamandra salamandra",2046,val/images/val_2046.JPEG,0.3937500000,0,n01443537,"goldfish, Carassius auratus",126,8,40
0,n01443537,"goldfish, Carassius auratus",1,n01629819,"European fire salamander, Salamandra salamandra",2086,val/images/val_2086.JPEG,0.9062500000,0,n01443537,"goldfish, Carassius auratus",290,8,40
0,n01443537,"goldfish, Carassius auratus",1,n01629819,"European fire salamander, Salamandra salamandra",2253,val/images/val_2253.JPEG,0.5750000000,0,n01443537,"goldfish, Carassius auratus",184,8,40
0,n01443537,"goldfish, Carassius auratus",1,n01629819,"European fire salamander, Salamandra salamandra",2337,val/images/val_2337.JPEG,0.9156250000,0,n01443537,"goldfish, Carassius auratus",293,8,40
0,n01443537,"goldfish, Carassius auratus",1,n01629819,"European fire salamander, Salamandra salamandra",2946,val/images/val_2946.JPEG,0.8875000000,0,n01443537,"goldfish, Carassius auratus",284,8,40
0,n01443537,"goldfish, Carassius auratus",1,n01629819,"European fire salamander, Salamandra salamandra",3419,val/images/val_3419.JPEG,0.7593750000,0,n01443537,"goldfish, Carassius auratus",243,8,40
0,n01443537,"goldfish, Carassius auratus",1,n01629819,"European fire salamander, Salamandra salamandra",3543,val/images/val_3543.JPEG,0.3343750000,0,n01443537,"goldfish, Carassius auratus",107,8,40
0,n01443537,"goldfish, Carassius auratus",1,n01629819,"European fire salamander, Salamandra salamandra",3545,val/images/val_3545.JPEG,0.6125000000,0,n01443537,"goldfish, Carassius auratus",196,8,40
0,n01443537,"goldfish, Carassius auratus",1,n01629819,"European fire salamander, Salamandra salamandra",3609,val/images/val_3609.JPEG,0.5406250000,0,n01443537,"goldfish, Carassius auratus",173,8,40
0,n01443537,"goldfish, Carassius auratus",1,n01629819,"European fire salamander, Salamandra salamandra",3772,val/images/val_3772.JPEG,0.3625000000,45,n02281406,"sulphur butterfly, sulfur butterfly",116,8,40
0,n01443537,"goldfish, Carassius auratus",1,n01629819,"European fire salamander, Salamandra salamandra",4153,val/images/val_4153.JPEG,0.1906250000,0,n01443537,"goldfish, Carassius auratus",61,8,40
0,n01443537,"goldfish, Carassius auratus",1,n01629819,"European fire salamander, Salamandra salamandra",4385,val/images/val_4385.JPEG,0.7625000000,0,n01443537,"goldfish, Carassius auratus",244,8,40
0,n01443537,"goldfish, Carassius auratus",1,n01629819,"European fire salamander, Salamandra salamandra",4558,val/images/val_4558.JPEG,0.5093750000,0,n01443537,"goldfish, Carassius auratus",163,8,40
0,n01443537,"goldfish, Carassius auratus",1,n01629819,"European fire salamander, Salamandra salamandra",4653,val/images/val_4653.JPEG,0.3937500000,196,n09256479,coral reef,126,8,40
0,n01443537,"goldfish, Carassius auratus",1,n01629819,"European fire salamander, Salamandra salamandra",4890,val/images/val_4890.JPEG,0.3250000000,4,n01698640,"American alligator, Alligator mississipiensis",104,8,40
0,n01443537,"goldfish, Carassius auratus",1,n01629819,"European fire salamander, Salamandra salamandra",5085,val/images/val_5085.JPEG,0.5687500000,36,n02165456,"ladybug, ladybeetle, lady beetle, ladybird, ladybird beetle",182,8,40
0,n01443537,"goldfish, Carassius auratus",1,n01629819,"European fire salamander, Salamandra salamandra",5967,val/images/val_5967.JPEG,0.1406250000,160,n04398044,teapot,45,8,40
0,n01443537,"goldfish, Carassius auratus",1,n01629819,"European fire salamander, Salamandra salamandra",6065,val/images/val_6065.JPEG,0.5906250000,0,n01443537,"goldfish, Carassius auratus",189,8,40
0,n01443537,"goldfish, Carassius auratus",1,n01629819,"European fire salamander, Salamandra salamandra",6854,val/images/val_6854.JPEG,0.6000000000,0,n01443537,"goldfish, Carassius auratus",192,8,40
0,n01443537,"goldfish, Carassius auratus",1,n01629819,"European fire salamander, Salamandra salamandra",6874,val/images/val_6874.JPEG,0.3656250000,186,n07747607,orange,117,8,40
0,n01443537,"goldfish, Carassius auratus",1,n01629819,"European fire salamander, Salamandra salamandra",6900,val/images/val_6900.JPEG,0.8593750000,0,n01443537,"goldfish, Carassius auratus",275,8,40
0,n01443537,"goldfish, Carassius auratus",1,n01629819,"European fire salamander, Salamandra salamandra",7088,val/images/val_7088.JPEG,0.2562500000,0,n01443537,"goldfish, Carassius auratus",82,8,40
0,n01443537,"goldfish, Carassius auratus",1,n01629819,"European fire salamander, Salamandra salamandra",7268,val/images/val_7268.JPEG,0.7843750000,0,n01443537,"goldfish, Carassius auratus",251,8,40
0,n01443537,"goldfish, Carassius auratus",1,n01629819,"European fire salamander, Salamandra salamandra",7281,val/images/val_7281.JPEG,0.9031250000,0,n01443537,"goldfish, Carassius auratus",289,8,40
0,n01443537,"goldfish, Carassius auratus",1,n01629819,"European fire salamander, Salamandra salamandra",7930,val/images/val_7930.JPEG,0.7718750000,0,n01443537,"goldfish, Carassius auratus",247,8,40
0,n01443537,"goldfish, Carassius auratus",1,n01629819,"European fire salamander, Salamandra salamandra",8095,val/images/val_8095.JPEG,0.2250000000,17,n01950731,"sea slug, nudibranch",72,8,40
0,n01443537,"goldfish, Carassius auratus",1,n01629819,"European fire salamander, Salamandra salamandra",8197,val/images/val_8197.JPEG,0.2000000000,41,n02233338,"cockroach, roach",64,8,40
0,n01443537,"goldfish, Carassius auratus",1,n01629819,"European fire salamander, Salamandra salamandra",8481,val/images/val_8481.JPEG,0.5875000000,0,n01443537,"goldfish, Carassius auratus",188,8,40
0,n01443537,"goldfish, Carassius auratus",1,n01629819,"European fire salamander, Salamandra salamandra",8577,val/images/val_8577.JPEG,0.5531250000,0,n01443537,"goldfish, Carassius auratus",177,8,40
0,n01443537,"goldfish, Carassius auratus",1,n01629819,"European fire salamander, Salamandra salamandra",8585,val/images/val_8585.JPEG,0.9375000000,0,n01443537,"goldfish, Carassius auratus",300,8,40
0,n01443537,"goldfish, Carassius auratus",1,n01629819,"European fire salamander, Salamandra salamandra",8905,val/images/val_8905.JPEG,0.8468750000,0,n01443537,"goldfish, Carassius auratus",271,8,40
0,n01443537,"goldfish, Carassius auratus",1,n01629819,"European fire salamander, Salamandra salamandra",8908,val/images/val_8908.JPEG,0.8875000000,0,n01443537,"goldfish, Carassius auratus",284,8,40
0,n01443537,"goldfish, Carassius auratus",1,n01629819,"European fire salamander, Salamandra salamandra",9130,val/images/val_9130.JPEG,0.8968750000,0,n01443537,"goldfish, Carassius auratus",287,8,40
0,n01443537,"goldfish, Carassius auratus",1,n01629819,"European fire salamander, Salamandra salamandra",9215,val/images/val_9215.JPEG,0.4218750000,45,n02281406,"sulphur butterfly, sulfur butterfly",135,8,40
0,n01443537,"goldfish, Carassius auratus",1,n01629819,"European fire salamander, Salamandra salamandra",9398,val/images/val_9398.JPEG,0.7406250000,0,n01443537,"goldfish, Carassius auratus",237,8,40
0,n01443537,"goldfish, Carassius auratus",1,n01629819,"European fire salamander, Salamandra salamandra",9467,val/images/val_9467.JPEG,0.8125000000,0,n01443537,"goldfish, Carassius auratus",260,8,40
0,n01443537,"goldfish, Carassius auratus",1,n01629819,"European fire salamander, Salamandra salamandra",9506,val/images/val_9506.JPEG,0.6843750000,0,n01443537,"goldfish, Carassius auratus",219,8,40
0,n01443537,"goldfish, Carassius auratus",1,n01629819,"European fire salamander, Salamandra salamandra",9560,val/images/val_9560.JPEG,0.8562500000,0,n01443537,"goldfish, Carassius auratus",274,8,40
0,n01443537,"goldfish, Carassius auratus",1,n01629819,"European fire salamander, Salamandra salamandra",9949,val/images/val_9949.JPEG,0.6281250000,36,n02165456,"ladybug, ladybeetle, lady beetle, ladybird, ladybird beetle",201,8,40
