group,yp,method,num_samples,mean_asr,std_asr,display
high,1,GM,4,0.093750,0.103645,0.094 $\pm$ 0.104
high,1,BP,4,0.000000,0.000000,0.000 $\pm$ 0.000
high,2,GM,4,0.218750,0.255792,0.219 $\pm$ 0.256
high,2,BP,4,0.000000,0.000000,0.000 $\pm$ 0.000
middle,1,GM,4,0.968750,0.054127,0.969 $\pm$ 0.054
middle,1,BP,4,0.031250,0.054127,0.031 $\pm$ 0.054
middle,2,GM,4,0.781250,0.378886,0.781 $\pm$ 0.379
middle,2,BP,4,0.000000,0.000000,0.000 $\pm$ 0.000
low,1,GM,4,1.000000,0.000000,1.000 $\pm$ 0.000
low,1,BP,4,0.687500,0.400195,0.688 $\pm$ 0.400
low,2,GM,4,1.000000,0.000000,1.000 $\pm$ 0.000
low,2,BP,4,0.656250,0.389059,0.656 $\pm$ 0.389
