target_tag	target_val_ds_index	yt	target_rel_path	target_epa	candidate_val_ds_index	yp	candidate_rel_path
bottom1	1355	0	val/images/val_1355.JPEG	0.0000000000	8439	99	val/images/val_8439.JPEG
bottom1	1355	0	val/images/val_1355.JPEG	0.0000000000	3052	195	val/images/val_3052.JPEG
bottom1	1355	0	val/images/val_1355.JPEG	0.0000000000	9193	108	val/images/val_9193.JPEG
bottom1	1355	0	val/images/val_1355.JPEG	0.0000000000	1196	11	val/images/val_1196.JPEG
bottom1	1355	0	val/images/val_1355.JPEG	0.0000000000	2101	67	val/images/val_2101.JPEG
bottom1	1355	0	val/images/val_1355.JPEG	0.0000000000	7290	131	val/images/val_7290.JPEG
bottom1	1355	0	val/images/val_1355.JPEG	0.0000000000	2825	125	val/images/val_2825.JPEG
bottom1	1355	0	val/images/val_1355.JPEG	0.0000000000	2940	104	val/images/val_2940.JPEG
bottom1	1355	0	val/images/val_1355.JPEG	0.0000000000	1529	78	val/images/val_1529.JPEG
bottom1	1355	0	val/images/val_1355.JPEG	0.0000000000	6892	123	val/images/val_6892.JPEG
bottom1	1355	0	val/images/val_1355.JPEG	0.0000000000	4854	92	val/images/val_4854.JPEG
bottom1	1355	0	val/images/val_1355.JPEG	0.0000000000	607	150	val/images/val_607.JPEG
bottom1	1355	0	val/images/val_1355.JPEG	0.0000000000	1119	56	val/images/val_1119.JPEG
bottom1	1355	0	val/images/val_1355.JPEG	0.0000000000	4332	130	val/images/val_4332.JPEG
bottom1	1355	0	val/images/val_1355.JPEG	0.0000000000	6801	36	val/images/val_6801.JPEG
bottom1	1355	0	val/images/val_1355.JPEG	0.0000000000	6474	73	val/images/val_6474.JPEG
bottom1	1355	0	val/images/val_1355.JPEG	0.0000000000	965	185	val/images/val_965.JPEG
bottom1	1355	0	val/images/val_1355.JPEG	0.0000000000	3599	25	val/images/val_3599.JPEG
bottom1	1355	0	val/images/val_1355.JPEG	0.0000000000	6628	159	val/images/val_6628.JPEG
bottom1	1355	0	val/images/val_1355.JPEG	0.0000000000	3965	65	val/images/val_3965.JPEG
bottom1	1355	0	val/images/val_1355.JPEG	0.0000000000	9006	137	val/images/val_9006.JPEG
bottom1	1355	0	val/images/val_1355.JPEG	0.0000000000	1763	155	val/images/val_1763.JPEG
bottom1	1355	0	val/images/val_1355.JPEG	0.0000000000	7947	38	val/images/val_7947.JPEG
bottom1	1355	0	val/images/val_1355.JPEG	0.0000000000	4169	80	val/images/val_4169.JPEG
bottom1	1355	0	val/images/val_1355.JPEG	0.0000000000	7353	26	val/images/val_7353.JPEG
bottom1	1355	0	val/images/val_1355.JPEG	0.0000000000	3071	19	val/images/val_3071.JPEG
bottom1	1355	0	val/images/val_1355.JPEG	0.0000000000	6613	85	val/images/val_6613.JPEG
bottom1	1355	0	val/images/val_1355.JPEG	0.0000000000	7583	121	val/images/val_7583.JPEG
bottom1	1355	0	val/images/val_1355.JPEG	0.0000000000	6595	144	val/images/val_6595.JPEG
bottom1	1355	0	val/images/val_1355.JPEG	0.0000000000	4474	175	val/images/val_4474.JPEG
bottom1	1355	0	val/images/val_1355.JPEG	0.0000000000	6477	91	val/images/val_6477.JPEG
bottom1	1355	0	val/images/val_1355.JPEG	0.0000000000	1169	112	val/images/val_1169.JPEG
bottom1	1355	0	val/images/val_1355.JPEG	0.0000000000	7457	81	val/images/val_7457.JPEG
bottom1	1355	0	val/images/val_1355.JPEG	0.0000000000	5820	157	val/images/val_5820.JPEG
bottom1	1355	0	val/images/val_1355.JPEG	0.0000000000	2716	164	val/images/val_2716.JPEG
bottom1	1355	0	val/images/val_1355.JPEG	0.0000000000	7301	53	val/images/val_7301.JPEG
bottom1	1355	0	val/images/val_1355.JPEG	0.0000000000	2894	142	val/images/val_2894.JPEG
bottom1	1355	0	val/images/val_1355.JPEG	0.0000000000	3561	190	val/images/val_3561.JPEG
bottom1	1355	0	val/images/val_1355.JPEG	0.0000000000	2852	114	val/images/val_2852.JPEG
bottom1	1355	0	val/images/val_1355.JPEG	0.0000000000	3221	134	val/images/val_3221.JPEG
bottom1	1355	0	val/images/val_1355.JPEG	0.0000000000	2997	198	val/images/val_2997.JPEG
bottom1	1355	0	val/images/val_1355.JPEG	0.0000000000	466	16	val/images/val_466.JPEG
bottom1	1355	0	val/images/val_1355.JPEG	0.0000000000	8048	141	val/images/val_8048.JPEG
bottom1	1355	0	val/images/val_1355.JPEG	0.0000000000	8283	4	val/images/val_8283.JPEG
bottom1	1355	0	val/images/val_1355.JPEG	0.0000000000	2467	24	val/images/val_2467.JPEG
bottom1	1355	0	val/images/val_1355.JPEG	0.0000000000	8104	103	val/images/val_8104.JPEG
bottom1	1355	0	val/images/val_1355.JPEG	0.0000000000	414	1	val/images/val_414.JPEG
bottom1	1355	0	val/images/val_1355.JPEG	0.0000000000	712	127	val/images/val_712.JPEG
bottom1	1355	0	val/images/val_1355.JPEG	0.0000000000	8028	86	val/images/val_8028.JPEG
bottom1	1355	0	val/images/val_1355.JPEG	0.0000000000	9958	63	val/images/val_9958.JPEG
middle1_midrange	3886	0	val/images/val_3886.JPEG	0.3812500000	655	34	val/images/val_655.JPEG
middle1_midrange	3886	0	val/images/val_3886.JPEG	0.3812500000	1610	39	val/images/val_1610.JPEG
middle1_midrange	3886	0	val/images/val_3886.JPEG	0.3812500000	7998	10	val/images/val_7998.JPEG
middle1_midrange	3886	0	val/images/val_3886.JPEG	0.3812500000	2762	21	val/images/val_2762.JPEG
middle1_midrange	3886	0	val/images/val_3886.JPEG	0.3812500000	8137	180	val/images/val_8137.JPEG
middle1_midrange	3886	0	val/images/val_3886.JPEG	0.3812500000	7223	139	val/images/val_7223.JPEG
middle1_midrange	3886	0	val/images/val_3886.JPEG	0.3812500000	2345	175	val/images/val_2345.JPEG
middle1_midrange	3886	0	val/images/val_3886.JPEG	0.3812500000	4626	101	val/images/val_4626.JPEG
middle1_midrange	3886	0	val/images/val_3886.JPEG	0.3812500000	533	181	val/images/val_533.JPEG
middle1_midrange	3886	0	val/images/val_3886.JPEG	0.3812500000	3133	135	val/images/val_3133.JPEG
middle1_midrange	3886	0	val/images/val_3886.JPEG	0.3812500000	1145	71	val/images/val_1145.JPEG
middle1_midrange	3886	0	val/images/val_3886.JPEG	0.3812500000	929	134	val/images/val_929.JPEG
middle1_midrange	3886	0	val/images/val_3886.JPEG	0.3812500000	7185	61	val/images/val_7185.JPEG
middle1_midrange	3886	0	val/images/val_3886.JPEG	0.3812500000	730	56	val/images/val_730.JPEG
middle1_midrange	3886	0	val/images/val_3886.JPEG	0.3812500000	1580	174	val/images/val_1580.JPEG
middle1_midrange	3886	0	val/images/val_3886.JPEG	0.3812500000	2854	151	val/images/val_2854.JPEG
middle1_midrange	3886	0	val/images/val_3886.JPEG	0.3812500000	9193	108	val/images/val_9193.JPEG
middle1_midrange	3886	0	val/images/val_3886.JPEG	0.3812500000	2027	149	val/images/val_2027.JPEG
middle1_midrange	3886	0	val/images/val_3886.JPEG	0.3812500000	5626	189	val/images/val_5626.JPEG
middle1_midrange	3886	0	val/images/val_3886.JPEG	0.3812500000	2658	116	val/images/val_2658.JPEG
middle1_midrange	3886	0	val/images/val_3886.JPEG	0.3812500000	8086	127	val/images/val_8086.JPEG
middle1_midrange	3886	0	val/images/val_3886.JPEG	0.3812500000	693	170	val/images/val_693.JPEG
middle1_midrange	3886	0	val/images/val_3886.JPEG	0.3812500000	8403	165	val/images/val_8403.JPEG
middle1_midrange	3886	0	val/images/val_3886.JPEG	0.3812500000	479	92	val/images/val_479.JPEG
middle1_midrange	3886	0	val/images/val_3886.JPEG	0.3812500000	7281	22	val/images/val_7281.JPEG
middle1_midrange	3886	0	val/images/val_3886.JPEG	0.3812500000	6005	84	val/images/val_6005.JPEG
middle1_midrange	3886	0	val/images/val_3886.JPEG	0.3812500000	9179	157	val/images/val_9179.JPEG
middle1_midrange	3886	0	val/images/val_3886.JPEG	0.3812500000	2189	30	val/images/val_2189.JPEG
middle1_midrange	3886	0	val/images/val_3886.JPEG	0.3812500000	3311	125	val/images/val_3311.JPEG
middle1_midrange	3886	0	val/images/val_3886.JPEG	0.3812500000	1217	184	val/images/val_1217.JPEG
middle1_midrange	3886	0	val/images/val_3886.JPEG	0.3812500000	2786	162	val/images/val_2786.JPEG
middle1_midrange	3886	0	val/images/val_3886.JPEG	0.3812500000	1025	86	val/images/val_1025.JPEG
middle1_midrange	3886	0	val/images/val_3886.JPEG	0.3812500000	7462	49	val/images/val_7462.JPEG
middle1_midrange	3886	0	val/images/val_3886.JPEG	0.3812500000	4021	63	val/images/val_4021.JPEG
middle1_midrange	3886	0	val/images/val_3886.JPEG	0.3812500000	3978	5	val/images/val_3978.JPEG
middle1_midrange	3886	0	val/images/val_3886.JPEG	0.3812500000	5749	70	val/images/val_5749.JPEG
middle1_midrange	3886	0	val/images/val_3886.JPEG	0.3812500000	2450	172	val/images/val_2450.JPEG
middle1_midrange	3886	0	val/images/val_3886.JPEG	0.3812500000	592	57	val/images/val_592.JPEG
middle1_midrange	3886	0	val/images/val_3886.JPEG	0.3812500000	6993	96	val/images/val_6993.JPEG
middle1_midrange	3886	0	val/images/val_3886.JPEG	0.3812500000	5564	44	val/images/val_5564.JPEG
middle1_midrange	3886	0	val/images/val_3886.JPEG	0.3812500000	297	168	val/images/val_297.JPEG
middle1_midrange	3886	0	val/images/val_3886.JPEG	0.3812500000	8255	110	val/images/val_8255.JPEG
middle1_midrange	3886	0	val/images/val_3886.JPEG	0.3812500000	1236	16	val/images/val_1236.JPEG
middle1_midrange	3886	0	val/images/val_3886.JPEG	0.3812500000	8239	26	val/images/val_8239.JPEG
middle1_midrange	3886	0	val/images/val_3886.JPEG	0.3812500000	5862	38	val/images/val_5862.JPEG
middle1_midrange	3886	0	val/images/val_3886.JPEG	0.3812500000	2879	169	val/images/val_2879.JPEG
middle1_midrange	3886	0	val/images/val_3886.JPEG	0.3812500000	5789	12	val/images/val_5789.JPEG
middle1_midrange	3886	0	val/images/val_3886.JPEG	0.3812500000	3820	147	val/images/val_3820.JPEG
middle1_midrange	3886	0	val/images/val_3886.JPEG	0.3812500000	9151	137	val/images/val_9151.JPEG
middle1_midrange	3886	0	val/images/val_3886.JPEG	0.3812500000	6236	19	val/images/val_6236.JPEG
top1	4823	0	val/images/val_4823.JPEG	0.7500000000	8480	146	val/images/val_8480.JPEG
top1	4823	0	val/images/val_4823.JPEG	0.7500000000	1215	44	val/images/val_1215.JPEG
top1	4823	0	val/images/val_4823.JPEG	0.7500000000	3	179	val/images/val_3.JPEG
top1	4823	0	val/images/val_4823.JPEG	0.7500000000	7450	173	val/images/val_7450.JPEG
top1	4823	0	val/images/val_4823.JPEG	0.7500000000	2757	53	val/images/val_2757.JPEG
top1	4823	0	val/images/val_4823.JPEG	0.7500000000	9497	15	val/images/val_9497.JPEG
top1	4823	0	val/images/val_4823.JPEG	0.7500000000	2557	174	val/images/val_2557.JPEG
top1	4823	0	val/images/val_4823.JPEG	0.7500000000	1073	41	val/images/val_1073.JPEG
top1	4823	0	val/images/val_4823.JPEG	0.7500000000	3399	42	val/images/val_3399.JPEG
top1	4823	0	val/images/val_4823.JPEG	0.7500000000	2876	88	val/images/val_2876.JPEG
top1	4823	0	val/images/val_4823.JPEG	0.7500000000	7183	136	val/images/val_7183.JPEG
top1	4823	0	val/images/val_4823.JPEG	0.7500000000	5681	65	val/images/val_5681.JPEG
top1	4823	0	val/images/val_4823.JPEG	0.7500000000	5611	31	val/images/val_5611.JPEG
top1	4823	0	val/images/val_4823.JPEG	0.7500000000	9140	153	val/images/val_9140.JPEG
top1	4823	0	val/images/val_4823.JPEG	0.7500000000	8975	114	val/images/val_8975.JPEG
top1	4823	0	val/images/val_4823.JPEG	0.7500000000	7712	171	val/images/val_7712.JPEG
top1	4823	0	val/images/val_4823.JPEG	0.7500000000	5660	45	val/images/val_5660.JPEG
top1	4823	0	val/images/val_4823.JPEG	0.7500000000	370	4	val/images/val_370.JPEG
top1	4823	0	val/images/val_4823.JPEG	0.7500000000	5522	121	val/images/val_5522.JPEG
top1	4823	0	val/images/val_4823.JPEG	0.7500000000	9600	175	val/images/val_9600.JPEG
top1	4823	0	val/images/val_4823.JPEG	0.7500000000	7843	105	val/images/val_7843.JPEG
top1	4823	0	val/images/val_4823.JPEG	0.7500000000	4911	199	val/images/val_4911.JPEG
top1	4823	0	val/images/val_4823.JPEG	0.7500000000	9904	131	val/images/val_9904.JPEG
top1	4823	0	val/images/val_4823.JPEG	0.7500000000	8404	80	val/images/val_8404.JPEG
top1	4823	0	val/images/val_4823.JPEG	0.7500000000	9081	167	val/images/val_9081.JPEG
top1	4823	0	val/images/val_4823.JPEG	0.7500000000	571	92	val/images/val_571.JPEG
top1	4823	0	val/images/val_4823.JPEG	0.7500000000	2254	100	val/images/val_2254.JPEG
top1	4823	0	val/images/val_4823.JPEG	0.7500000000	6517	169	val/images/val_6517.JPEG
top1	4823	0	val/images/val_4823.JPEG	0.7500000000	456	188	val/images/val_456.JPEG
top1	4823	0	val/images/val_4823.JPEG	0.7500000000	2644	40	val/images/val_2644.JPEG
top1	4823	0	val/images/val_4823.JPEG	0.7500000000	8844	144	val/images/val_8844.JPEG
top1	4823	0	val/images/val_4823.JPEG	0.7500000000	1366	182	val/images/val_1366.JPEG
top1	4823	0	val/images/val_4823.JPEG	0.7500000000	5751	118	val/images/val_5751.JPEG
top1	4823	0	val/images/val_4823.JPEG	0.7500000000	6846	21	val/images/val_6846.JPEG
top1	4823	0	val/images/val_4823.JPEG	0.7500000000	5313	86	val/images/val_5313.JPEG
top1	4823	0	val/images/val_4823.JPEG	0.7500000000	8524	12	val/images/val_8524.JPEG
top1	4823	0	val/images/val_4823.JPEG	0.7500000000	8033	140	val/images/val_8033.JPEG
top1	4823	0	val/images/val_4823.JPEG	0.7500000000	9841	72	val/images/val_9841.JPEG
top1	4823	0	val/images/val_4823.JPEG	0.7500000000	462	35	val/images/val_462.JPEG
top1	4823	0	val/images/val_4823.JPEG	0.7500000000	550	62	val/images/val_550.JPEG
top1	4823	0	val/images/val_4823.JPEG	0.7500000000	5169	124	val/images/val_5169.JPEG
top1	4823	0	val/images/val_4823.JPEG	0.7500000000	5190	91	val/images/val_5190.JPEG
top1	4823	0	val/images/val_4823.JPEG	0.7500000000	4916	157	val/images/val_4916.JPEG
top1	4823	0	val/images/val_4823.JPEG	0.7500000000	5807	74	val/images/val_5807.JPEG
top1	4823	0	val/images/val_4823.JPEG	0.7500000000	519	193	val/images/val_519.JPEG
top1	4823	0	val/images/val_4823.JPEG	0.7500000000	4122	152	val/images/val_4122.JPEG
top1	4823	0	val/images/val_4823.JPEG	0.7500000000	2432	34	val/images/val_2432.JPEG
top1	4823	0	val/images/val_4823.JPEG	0.7500000000	7748	176	val/images/val_7748.JPEG
top1	4823	0	val/images/val_4823.JPEG	0.7500000000	7822	196	val/images/val_7822.JPEG
top1	4823	0	val/images/val_4823.JPEG	0.7500000000	787	107	val/images/val_787.JPEG
