target_tag	target_val_ds_index	yt	target_rel_path	target_epa	candidate_val_ds_index	yp	candidate_rel_path	delta	eta_star	tau	pred_before	pred_after	g_norm	source_file
bottom1	1355	0	val/images/val_1355.JPEG	0.0000000000	8439	99	val/images/val_8439.JPEG	0.0045166016	0.0045166016	0.0121431227	34	99	6.5723218918	row_001.tsv
bottom1	1355	0	val/images/val_1355.JPEG	0.0000000000	3052	195	val/images/val_3052.JPEG	0.0020751953	0.0020751953	0.0086786676	137	195	5.3914852142	row_002.tsv
bottom1	1355	0	val/images/val_1355.JPEG	0.0000000000	9193	108	val/images/val_9193.JPEG	0.0029296875	0.0029296875	0.0058530881	80	108	5.5322380066	row_003.tsv
bottom1	1355	0	val/images/val_1355.JPEG	0.0000000000	1196	11	val/images/val_1196.JPEG	0.0012817383	0.0012817383	0.0121839027	125	11	5.8905367851	row_004.tsv
bottom1	1355	0	val/images/val_1355.JPEG	0.0000000000	2101	67	val/images/val_2101.JPEG	0.005065918	0.0050659180	0.0028053699	119	67	4.0619034767	row_005.tsv
bottom1	1355	0	val/images/val_1355.JPEG	0.0000000000	7290	131	val/images/val_7290.JPEG	0.0012817383	0.0012817383	0.0107130331	136	131	6.1778383255	row_006.tsv
bottom1	1355	0	val/images/val_1355.JPEG	0.0000000000	2825	125	val/images/val_2825.JPEG	0.0037231445	0.0037231445	0.0029124773	70	125	4.4162483215	row_007.tsv
bottom1	1355	0	val/images/val_1355.JPEG	0.0000000000	2940	104	val/images/val_2940.JPEG	0.0013427734	0.0013427734	0.0048345678	93	104	5.3775792122	row_008.tsv
bottom1	1355	0	val/images/val_1355.JPEG	0.0000000000	1529	78	val/images/val_1529.JPEG	0.003112793	0.0031127930	0.0031262753	49	78	4.3984212875	row_009.tsv
bottom1	1355	0	val/images/val_1355.JPEG	0.0000000000	6892	123	val/images/val_6892.JPEG	0.0031738281	0.0031738281	0.0140198507	29	123	8.4690208435	row_010.tsv
bottom1	1355	0	val/images/val_1355.JPEG	0.0000000000	4854	92	val/images/val_4854.JPEG	0.0036010742	0.0036010742	0.0102167148	14	92	6.5997691154	row_011.tsv
bottom1	1355	0	val/images/val_1355.JPEG	0.0000000000	607	150	val/images/val_607.JPEG	0.0043945312	0.0043945312	0.0072611452	178	150	4.9897217751	row_012.tsv
bottom1	1355	0	val/images/val_1355.JPEG	0.0000000000	1119	56	val/images/val_1119.JPEG	0.0025634766	0.0025634766	0.0110817541	129	56	6.3221821785	row_013.tsv
bottom1	1355	0	val/images/val_1355.JPEG	0.0000000000	4332	130	val/images/val_4332.JPEG	0.0029296875	0.0029296875	0.0060019451	186	130	4.9343624115	row_014.tsv
bottom1	1355	0	val/images/val_1355.JPEG	0.0000000000	6801	36	val/images/val_6801.JPEG	0.0010375977	0.0010375977	0.0069464543	115	36	6.8498635292	row_015.tsv
bottom1	1355	0	val/images/val_1355.JPEG	0.0000000000	6474	73	val/images/val_6474.JPEG	0.0022583008	0.0022583008	0.0103214689	27	73	6.1157569885	row_016.tsv
bottom1	1355	0	val/images/val_1355.JPEG	0.0000000000	965	185	val/images/val_965.JPEG	0.0023803711	0.0023803711	0.0110230564	156	185	7.5953178406	row_017.tsv
bottom1	1355	0	val/images/val_1355.JPEG	0.0000000000	3599	25	val/images/val_3599.JPEG	0.0029296875	0.0029296875	0.0043425851	175	25	5.1691288948	row_018.tsv
bottom1	1355	0	val/images/val_1355.JPEG	0.0000000000	6628	159	val/images/val_6628.JPEG	0.0016479492	0.0016479492	0.0121787675	10	159	7.0382833481	row_019.tsv
bottom1	1355	0	val/images/val_1355.JPEG	0.0000000000	3965	65	val/images/val_3965.JPEG	0.0024414062	0.0024414062	0.0087169961	162	65	5.6092581749	row_020.tsv
bottom1	1355	0	val/images/val_1355.JPEG	0.0000000000	9006	137	val/images/val_9006.JPEG	0.0026855469	0.0026855469	0.0039019402	46	137	4.7115082741	row_021.tsv
bottom1	1355	0	val/images/val_1355.JPEG	0.0000000000	1763	155	val/images/val_1763.JPEG	0.0034179688	0.0034179688	0.0055172087	159	155	5.2202749252	row_022.tsv
bottom1	1355	0	val/images/val_1355.JPEG	0.0000000000	7947	38	val/images/val_7947.JPEG	0.0030517578	0.0030517578	0.0042615724	13	38	4.3817229271	row_023.tsv
bottom1	1355	0	val/images/val_1355.JPEG	0.0000000000	4169	80	val/images/val_4169.JPEG	0.0015258789	0.0015258789	0.0105037449	39	80	6.1392965317	row_024.tsv
bottom1	1355	0	val/images/val_1355.JPEG	0.0000000000	7353	26	val/images/val_7353.JPEG	0.0015258789	0.0015258789	0.0085096283	34	26	5.1833825111	row_025.tsv
bottom1	1355	0	val/images/val_1355.JPEG	0.0000000000	3071	19	val/images/val_3071.JPEG	0.0004272461	0.0004272461	0.0089205403	161	19	6.5111746788	row_026.tsv
bottom1	1355	0	val/images/val_1355.JPEG	0.0000000000	6613	85	val/images/val_6613.JPEG	0.0029907227	0.0029907227	0.0087118164	80	85	4.8744249344	row_027.tsv
bottom1	1355	0	val/images/val_1355.JPEG	0.0000000000	7583	121	val/images/val_7583.JPEG	0.0015869141	0.0015869141	0.0159279199	41	121	7.6486010551	row_028.tsv
bottom1	1355	0	val/images/val_1355.JPEG	0.0000000000	6595	144	val/images/val_6595.JPEG	0.0021972656	0.0021972656	0.0140689996	179	144	7.6036973000	row_029.tsv
bottom1	1355	0	val/images/val_1355.JPEG	0.0000000000	4474	175	val/images/val_4474.JPEG	0.0037841797	0.0037841797	0.0104357802	64	175	6.3548078537	row_030.tsv
bottom1	1355	0	val/images/val_1355.JPEG	0.0000000000	6477	91	val/images/val_6477.JPEG	0.0012207031	0.0012207031	0.0084203253	184	91	5.4465069771	row_031.tsv
bottom1	1355	0	val/images/val_1355.JPEG	0.0000000000	1169	112	val/images/val_1169.JPEG	0.001953125	0.0019531250	0.0072643051	48	112	5.6046051979	row_032.tsv
bottom1	1355	0	val/images/val_1355.JPEG	0.0000000000	7457	81	val/images/val_7457.JPEG	0.0022583008	0.0022583008	0.0106134588	167	81	5.8793420792	row_033.tsv
bottom1	1355	0	val/images/val_1355.JPEG	0.0000000000	5820	157	val/images/val_5820.JPEG	0.0014648438	0.0014648438	0.0134532926	71	157	5.5060753822	row_034.tsv
bottom1	1355	0	val/images/val_1355.JPEG	0.0000000000	2716	164	val/images/val_2716.JPEG	0.0021362305	0.0021362305	0.0117642935	150	164	7.4033260345	row_035.tsv
bottom1	1355	0	val/images/val_1355.JPEG	0.0000000000	7301	53	val/images/val_7301.JPEG	0.0018310547	0.0018310547	0.0129172336	46	53	7.6510114670	row_036.tsv
bottom1	1355	0	val/images/val_1355.JPEG	0.0000000000	2894	142	val/images/val_2894.JPEG	0.0016479492	0.0016479492	0.0067489358	162	142	5.7014031410	row_037.tsv
bottom1	1355	0	val/images/val_1355.JPEG	0.0000000000	3561	190	val/images/val_3561.JPEG	0.0020141602	0.0020141602	0.0111109076	147	190	6.1203141212	row_038.tsv
bottom1	1355	0	val/images/val_1355.JPEG	0.0000000000	2852	114	val/images/val_2852.JPEG	0.0040893555	0.0040893555	0.0076189699	52	114	5.1476740837	row_039.tsv
bottom1	1355	0	val/images/val_1355.JPEG	0.0000000000	3221	134	val/images/val_3221.JPEG	0.0022583008	0.0022583008	0.0078297603	78	134	5.2338986397	row_040.tsv
bottom1	1355	0	val/images/val_1355.JPEG	0.0000000000	2997	198	val/images/val_2997.JPEG	0.0042724609	0.0042724609	0.0087021662	179	198	5.5057039261	row_041.tsv
bottom1	1355	0	val/images/val_1355.JPEG	0.0000000000	466	16	val/images/val_466.JPEG	0.0006713867	0.0006713867	0.0069875737	189	16	5.5082721710	row_042.tsv
bottom1	1355	0	val/images/val_1355.JPEG	0.0000000000	8048	141	val/images/val_8048.JPEG	0.0017700195	0.0017700195	0.0087759593	32	141	6.1560373306	row_043.tsv
bottom1	1355	0	val/images/val_1355.JPEG	0.0000000000	8283	4	val/images/val_8283.JPEG	0.0028686523	0.0028686523	0.0073054994	107	4	5.4859514236	row_044.tsv
bottom1	1355	0	val/images/val_1355.JPEG	0.0000000000	2467	24	val/images/val_2467.JPEG	0.0018310547	0.0018310547	0.0118761781	10	24	6.8579707146	row_045.tsv
bottom1	1355	0	val/images/val_1355.JPEG	0.0000000000	8104	103	val/images/val_8104.JPEG	0.0034790039	0.0034790039	0.0047248833	77	103	5.2466630936	row_046.tsv
bottom1	1355	0	val/images/val_1355.JPEG	0.0000000000	414	1	val/images/val_414.JPEG	0.0032348633	0.0032348633	0.008108007	45	1	6.3765540123	row_047.tsv
bottom1	1355	0	val/images/val_1355.JPEG	0.0000000000	712	127	val/images/val_712.JPEG	0.0030517578	0.0030517578	0.0046627793	130	127	5.9363474846	row_048.tsv
bottom1	1355	0	val/images/val_1355.JPEG	0.0000000000	8028	86	val/images/val_8028.JPEG	0.0028686523	0.0028686523	0.0106444738	149	86	5.1389107704	row_049.tsv
bottom1	1355	0	val/images/val_1355.JPEG	0.0000000000	9958	63	val/images/val_9958.JPEG	0.0016479492	0.0016479492	0.0066084743	55	63	6.1866855621	row_050.tsv
middle1_midrange	3886	0	val/images/val_3886.JPEG	0.3812500000	655	34	val/images/val_655.JPEG	0.0026855469	0.0026855469	0.004018803	86	34	5.5945143700	row_051.tsv
middle1_midrange	3886	0	val/images/val_3886.JPEG	0.3812500000	1610	39	val/images/val_1610.JPEG	0.0017089844	0.0017089844	0.013054759	28	39	10.1234340668	row_052.tsv
middle1_midrange	3886	0	val/images/val_3886.JPEG	0.3812500000	7998	10	val/images/val_7998.JPEG	0.0032958984	0.0032958984	0.0056674759	86	10	6.4190063477	row_053.tsv
middle1_midrange	3886	0	val/images/val_3886.JPEG	0.3812500000	2762	21	val/images/val_2762.JPEG	6.10352e-05	0.0000610352	0.0181105933	21	21	9.3737430573	row_054.tsv
middle1_midrange	3886	0	val/images/val_3886.JPEG	0.3812500000	8137	180	val/images/val_8137.JPEG	0.002746582	0.0027465820	0.0079801071	61	180	7.7953119278	row_055.tsv
middle1_midrange	3886	0	val/images/val_3886.JPEG	0.3812500000	7223	139	val/images/val_7223.JPEG	0.0020751953	0.0020751953	0.0111869975	41	139	9.2915172577	row_056.tsv
middle1_midrange	3886	0	val/images/val_3886.JPEG	0.3812500000	2345	175	val/images/val_2345.JPEG	0.0002441406	0.0002441406	0.0070506878	49	175	9.2313518524	row_057.tsv
middle1_midrange	3886	0	val/images/val_3886.JPEG	0.3812500000	4626	101	val/images/val_4626.JPEG	0.0012207031	0.0012207031	0.0056183098	184	101	7.2484307289	row_058.tsv
middle1_midrange	3886	0	val/images/val_3886.JPEG	0.3812500000	533	181	val/images/val_533.JPEG	0.0020751953	0.0020751953	0.0053756472	29	181	7.2793126106	row_059.tsv
middle1_midrange	3886	0	val/images/val_3886.JPEG	0.3812500000	3133	135	val/images/val_3133.JPEG	0.0014038086	0.0014038086	0.0148850341	141	135	10.0122098923	row_060.tsv
middle1_midrange	3886	0	val/images/val_3886.JPEG	0.3812500000	1145	71	val/images/val_1145.JPEG	0.0014038086	0.0014038086	0.0117582375	61	71	10.1499128342	row_061.tsv
middle1_midrange	3886	0	val/images/val_3886.JPEG	0.3812500000	929	134	val/images/val_929.JPEG	0.0022583008	0.0022583008	0.0040133302	11	134	6.6248869896	row_062.tsv
middle1_midrange	3886	0	val/images/val_3886.JPEG	0.3812500000	7185	61	val/images/val_7185.JPEG	0.0025634766	0.0025634766	0.0110423843	95	61	7.3603181839	row_063.tsv
middle1_midrange	3886	0	val/images/val_3886.JPEG	0.3812500000	730	56	val/images/val_730.JPEG	0.0005493164	0.0005493164	0.0120163153	34	56	11.6501321793	row_064.tsv
middle1_midrange	3886	0	val/images/val_3886.JPEG	0.3812500000	1580	174	val/images/val_1580.JPEG	0.0025024414	0.0025024414	0.0121381241	47	174	7.1450529099	row_065.tsv
middle1_midrange	3886	0	val/images/val_3886.JPEG	0.3812500000	2854	151	val/images/val_2854.JPEG	0.001159668	0.0011596680	0.0083431827	113	151	8.7907657623	row_066.tsv
middle1_midrange	3886	0	val/images/val_3886.JPEG	0.3812500000	9193	108	val/images/val_9193.JPEG	0.0018920898	0.0018920898	0.0136698696	85	108	10.1706638336	row_067.tsv
middle1_midrange	3886	0	val/images/val_3886.JPEG	0.3812500000	2027	149	val/images/val_2027.JPEG	0.0007324219	0.0007324219	0.0075568896	13	149	6.9913926125	row_068.tsv
middle1_midrange	3886	0	val/images/val_3886.JPEG	0.3812500000	5626	189	val/images/val_5626.JPEG	0.001159668	0.0011596680	0.0124194131	172	189	10.3189659119	row_069.tsv
middle1_midrange	3886	0	val/images/val_3886.JPEG	0.3812500000	2658	116	val/images/val_2658.JPEG	0.0014648438	0.0014648438	0.0085474599	158	116	8.5553302765	row_070.tsv
middle1_midrange	3886	0	val/images/val_3886.JPEG	0.3812500000	8086	127	val/images/val_8086.JPEG	0.0014038086	0.0014038086	0.007532399	46	127	6.1439609528	row_071.tsv
middle1_midrange	3886	0	val/images/val_3886.JPEG	0.3812500000	693	170	val/images/val_693.JPEG	0.0009155273	0.0009155273	0.0171336704	175	170	10.8525590897	row_072.tsv
middle1_midrange	3886	0	val/images/val_3886.JPEG	0.3812500000	8403	165	val/images/val_8403.JPEG	0.002746582	0.0027465820	0.0067792623	100	165	5.5429601669	row_073.tsv
middle1_midrange	3886	0	val/images/val_3886.JPEG	0.3812500000	479	92	val/images/val_479.JPEG	0.0017700195	0.0017700195	0.0081291955	70	92	7.1288194656	row_074.tsv
middle1_midrange	3886	0	val/images/val_3886.JPEG	0.3812500000	7281	22	val/images/val_7281.JPEG	0.0020141602	0.0020141602	0.0129505901	44	22	7.6885952950	row_075.tsv
middle1_midrange	3886	0	val/images/val_3886.JPEG	0.3812500000	6005	84	val/images/val_6005.JPEG	0.0061035156	0.0061035156	0.0027794182	75	84	4.6258702278	row_076.tsv
middle1_midrange	3886	0	val/images/val_3886.JPEG	0.3812500000	9179	157	val/images/val_9179.JPEG	0.0021362305	0.0021362305	0.0006840471	133	157	4.3577013016	row_077.tsv
middle1_midrange	3886	0	val/images/val_3886.JPEG	0.3812500000	2189	30	val/images/val_2189.JPEG	0.0036010742	0.0036010742	0.004472697	145	30	5.1415886879	row_078.tsv
middle1_midrange	3886	0	val/images/val_3886.JPEG	0.3812500000	3311	125	val/images/val_3311.JPEG	0.002746582	0.0027465820	0.0069938526	102	125	7.3762836456	row_079.tsv
middle1_midrange	3886	0	val/images/val_3886.JPEG	0.3812500000	1217	184	val/images/val_1217.JPEG	0.0029907227	0.0029907227	0.006498603	196	184	5.0446829796	row_080.tsv
middle1_midrange	3886	0	val/images/val_3886.JPEG	0.3812500000	2786	162	val/images/val_2786.JPEG	0.0023193359	0.0023193359	0.0074797536	124	162	7.2901020050	row_081.tsv
middle1_midrange	3886	0	val/images/val_3886.JPEG	0.3812500000	1025	86	val/images/val_1025.JPEG	0.0004272461	0.0004272461	0.0049782896	138	86	8.8026981354	row_082.tsv
middle1_midrange	3886	0	val/images/val_3886.JPEG	0.3812500000	7462	49	val/images/val_7462.JPEG	0.0001220703	0.0001220703	0.0086567233	116	49	6.7896771431	row_083.tsv
middle1_midrange	3886	0	val/images/val_3886.JPEG	0.3812500000	4021	63	val/images/val_4021.JPEG	0.000793457	0.0007934570	0.0035053553	15	63	6.5248651505	row_084.tsv
middle1_midrange	3886	0	val/images/val_3886.JPEG	0.3812500000	3978	5	val/images/val_3978.JPEG	0.0026855469	0.0026855469	0.0080330702	95	5	6.8252887726	row_085.tsv
middle1_midrange	3886	0	val/images/val_3886.JPEG	0.3812500000	5749	70	val/images/val_5749.JPEG	0.0025024414	0.0025024414	0.0096659472	159	70	7.3432402611	row_086.tsv
middle1_midrange	3886	0	val/images/val_3886.JPEG	0.3812500000	2450	172	val/images/val_2450.JPEG	0.0018920898	0.0018920898	0.0064235785	20	172	9.3662586212	row_087.tsv
middle1_midrange	3886	0	val/images/val_3886.JPEG	0.3812500000	592	57	val/images/val_592.JPEG	0.0020751953	0.0020751953	0.0035126396	169	57	5.5025415421	row_088.tsv
middle1_midrange	3886	0	val/images/val_3886.JPEG	0.3812500000	6993	96	val/images/val_6993.JPEG	0.0005493164	0.0005493164	0.0062403792	107	96	7.3377456665	row_089.tsv
middle1_midrange	3886	0	val/images/val_3886.JPEG	0.3812500000	5564	44	val/images/val_5564.JPEG	0.0028686523	0.0028686523	0.0094705406	17	44	7.3609633446	row_090.tsv
middle1_midrange	3886	0	val/images/val_3886.JPEG	0.3812500000	297	168	val/images/val_297.JPEG	0.0017089844	0.0017089844	0.0177879421	104	168	11.6906337738	row_091.tsv
middle1_midrange	3886	0	val/images/val_3886.JPEG	0.3812500000	8255	110	val/images/val_8255.JPEG	0.0015869141	0.0015869141	0.0081038941	48	110	8.2828693390	row_092.tsv
middle1_midrange	3886	0	val/images/val_3886.JPEG	0.3812500000	1236	16	val/images/val_1236.JPEG	0.0034179688	0.0034179688	0.006305095	196	16	7.9404225349	row_093.tsv
middle1_midrange	3886	0	val/images/val_3886.JPEG	0.3812500000	8239	26	val/images/val_8239.JPEG	0.0024414062	0.0024414062	0.0070616087	50	26	7.3971390724	row_094.tsv
middle1_midrange	3886	0	val/images/val_3886.JPEG	0.3812500000	5862	38	val/images/val_5862.JPEG	0.0009765625	0.0009765625	0.0056017824	177	38	8.4804563522	row_095.tsv
middle1_midrange	3886	0	val/images/val_3886.JPEG	0.3812500000	2879	169	val/images/val_2879.JPEG	0.0023193359	0.0023193359	0.0074265852	115	169	8.1119165421	row_096.tsv
middle1_midrange	3886	0	val/images/val_3886.JPEG	0.3812500000	5789	12	val/images/val_5789.JPEG	0.0021972656	0.0021972656	0.008192742	192	12	7.6792945862	row_097.tsv
middle1_midrange	3886	0	val/images/val_3886.JPEG	0.3812500000	3820	147	val/images/val_3820.JPEG	0.0012207031	0.0012207031	0.004174553	142	147	6.9546465874	row_098.tsv
middle1_midrange	3886	0	val/images/val_3886.JPEG	0.3812500000	9151	137	val/images/val_9151.JPEG	0.002746582	0.0027465820	0.0039055925	85	137	5.6753082275	row_099.tsv
middle1_midrange	3886	0	val/images/val_3886.JPEG	0.3812500000	6236	19	val/images/val_6236.JPEG	0.0018310547	0.0018310547	0.0071196397	73	19	9.0979137421	row_100.tsv
top1	4823	0	val/images/val_4823.JPEG	0.7500000000	8480	146	val/images/val_8480.JPEG	0.0018920898	0.0018920898	0.0045758746	95	146	8.8376836777	row_101.tsv
top1	4823	0	val/images/val_4823.JPEG	0.7500000000	1215	44	val/images/val_1215.JPEG	0.0033569336	0.0033569336	0.0060472301	149	44	7.1650323868	row_102.tsv
top1	4823	0	val/images/val_4823.JPEG	0.7500000000	3	179	val/images/val_3.JPEG	0.0012817383	0.0012817383	0.0082314963	36	179	8.0983228683	row_103.tsv
top1	4823	0	val/images/val_4823.JPEG	0.7500000000	7450	173	val/images/val_7450.JPEG	0.0021972656	0.0021972656	0.0065261159	145	173	9.8064451218	row_104.tsv
top1	4823	0	val/images/val_4823.JPEG	0.7500000000	2757	53	val/images/val_2757.JPEG	0.0024414062	0.0024414062	0.0053120059	97	53	8.4133901596	row_105.tsv
top1	4823	0	val/images/val_4823.JPEG	0.7500000000	9497	15	val/images/val_9497.JPEG	0.0008544922	0.0008544922	0.0078343729	123	15	8.6012735367	row_106.tsv
top1	4823	0	val/images/val_4823.JPEG	0.7500000000	2557	174	val/images/val_2557.JPEG	0.0009765625	0.0009765625	0.0092819165	62	174	8.6575355530	row_107.tsv
top1	4823	0	val/images/val_4823.JPEG	0.7500000000	1073	41	val/images/val_1073.JPEG	0.0006103516	0.0006103516	0.0091609033	55	41	11.8492670059	row_108.tsv
top1	4823	0	val/images/val_4823.JPEG	0.7500000000	3399	42	val/images/val_3399.JPEG	0.0017700195	0.0017700195	0.0215737284	82	42	10.9949493408	row_109.tsv
top1	4823	0	val/images/val_4823.JPEG	0.7500000000	2876	88	val/images/val_2876.JPEG	0.0008544922	0.0008544922	0.0113588031	192	88	9.9068965912	row_110.tsv
top1	4823	0	val/images/val_4823.JPEG	0.7500000000	7183	136	val/images/val_7183.JPEG	0.0008544922	0.0008544922	0.009587384	182	136	11.3082103729	row_111.tsv
top1	4823	0	val/images/val_4823.JPEG	0.7500000000	5681	65	val/images/val_5681.JPEG	0.0020141602	0.0020141602	0.0075582182	174	65	8.5928544998	row_112.tsv
top1	4823	0	val/images/val_4823.JPEG	0.7500000000	5611	31	val/images/val_5611.JPEG	0.0012207031	0.0012207031	0.0156257307	141	31	10.5554027557	row_113.tsv
top1	4823	0	val/images/val_4823.JPEG	0.7500000000	9140	153	val/images/val_9140.JPEG	0.0012817383	0.0012817383	0.0093345657	166	153	11.3148660660	row_114.tsv
top1	4823	0	val/images/val_4823.JPEG	0.7500000000	8975	114	val/images/val_8975.JPEG	0.0022583008	0.0022583008	0.0059682885	57	114	8.6209831238	row_115.tsv
top1	4823	0	val/images/val_4823.JPEG	0.7500000000	7712	171	val/images/val_7712.JPEG	0.0015869141	0.0015869141	0.009543228	157	171	9.1743183136	row_116.tsv
top1	4823	0	val/images/val_4823.JPEG	0.7500000000	5660	45	val/images/val_5660.JPEG	0.0018920898	0.0018920898	0.0082359383	48	45	6.5336432457	row_117.tsv
top1	4823	0	val/images/val_4823.JPEG	0.7500000000	370	4	val/images/val_370.JPEG	0.0018310547	0.0018310547	0.0142031291	53	4	12.4051046371	row_118.tsv
top1	4823	0	val/images/val_4823.JPEG	0.7500000000	5522	121	val/images/val_5522.JPEG	0.001953125	0.0019531250	0.0117949207	38	121	8.5120058060	row_119.tsv
top1	4823	0	val/images/val_4823.JPEG	0.7500000000	9600	175	val/images/val_9600.JPEG	0.0007324219	0.0007324219	0.0108397088	128	175	10.5276203156	row_120.tsv
top1	4823	0	val/images/val_4823.JPEG	0.7500000000	7843	105	val/images/val_7843.JPEG	0.0031738281	0.0031738281	0.0075397196	0	105	8.9048805237	row_121.tsv
top1	4823	0	val/images/val_4823.JPEG	0.7500000000	4911	199	val/images/val_4911.JPEG	0.0005493164	0.0005493164	0.011050795	175	199	10.2655897141	row_122.tsv
top1	4823	0	val/images/val_4823.JPEG	0.7500000000	9904	131	val/images/val_9904.JPEG	0.0022583008	0.0022583008	0.0105974757	191	131	9.4898509979	row_123.tsv
top1	4823	0	val/images/val_4823.JPEG	0.7500000000	8404	80	val/images/val_8404.JPEG	0.001159668	0.0011596680	0.0092222202	158	80	10.0188426971	row_124.tsv
top1	4823	0	val/images/val_4823.JPEG	0.7500000000	9081	167	val/images/val_9081.JPEG	0.0006103516	0.0006103516	0.0056153473	183	167	8.1809463501	row_125.tsv
top1	4823	0	val/images/val_4823.JPEG	0.7500000000	571	92	val/images/val_571.JPEG	0.0022583008	0.0022583008	0.0069925553	1	92	10.0993890762	row_126.tsv
top1	4823	0	val/images/val_4823.JPEG	0.7500000000	2254	100	val/images/val_2254.JPEG	0.001159668	0.0011596680	0.0124301671	23	100	10.4744281769	row_127.tsv
top1	4823	0	val/images/val_4823.JPEG	0.7500000000	6517	169	val/images/val_6517.JPEG	0.001159668	0.0011596680	0.0157297859	135	169	12.1433868408	row_128.tsv
top1	4823	0	val/images/val_4823.JPEG	0.7500000000	456	188	val/images/val_456.JPEG	0.0012207031	0.0012207031	0.0110197695	141	188	12.3056745529	row_129.tsv
top1	4823	0	val/images/val_4823.JPEG	0.7500000000	2644	40	val/images/val_2644.JPEG	0.0023193359	0.0023193359	0.0119001054	131	40	9.0808687210	row_130.tsv
top1	4823	0	val/images/val_4823.JPEG	0.7500000000	8844	144	val/images/val_8844.JPEG	0.0013427734	0.0013427734	0.0113037176	131	144	9.2612323761	row_131.tsv
top1	4823	0	val/images/val_4823.JPEG	0.7500000000	1366	182	val/images/val_1366.JPEG	0.0023193359	0.0023193359	0.0065714744	24	182	8.9311227798	row_132.tsv
top1	4823	0	val/images/val_4823.JPEG	0.7500000000	5751	118	val/images/val_5751.JPEG	0.0018310547	0.0018310547	0.0069816145	172	118	7.2489304543	row_133.tsv
top1	4823	0	val/images/val_4823.JPEG	0.7500000000	6846	21	val/images/val_6846.JPEG	0.0014038086	0.0014038086	0.0088731856	59	21	10.4162893295	row_134.tsv
top1	4823	0	val/images/val_4823.JPEG	0.7500000000	5313	86	val/images/val_5313.JPEG	0.0006103516	0.0006103516	0.0116084018	73	86	9.9691848755	row_135.tsv
top1	4823	0	val/images/val_4823.JPEG	0.7500000000	8524	12	val/images/val_8524.JPEG	0.0018920898	0.0018920898	0.0071277194	69	12	8.4609546661	row_136.tsv
top1	4823	0	val/images/val_4823.JPEG	0.7500000000	8033	140	val/images/val_8033.JPEG	0.0018920898	0.0018920898	0.0059267475	132	140	9.8035392761	row_137.tsv
top1	4823	0	val/images/val_4823.JPEG	0.7500000000	9841	72	val/images/val_9841.JPEG	0.0023803711	0.0023803711	0.0033712184	14	72	7.2571754456	row_138.tsv
top1	4823	0	val/images/val_4823.JPEG	0.7500000000	462	35	val/images/val_462.JPEG	0.0018310547	0.0018310547	0.0040306462	110	35	7.5372872353	row_139.tsv
top1	4823	0	val/images/val_4823.JPEG	0.7500000000	550	62	val/images/val_550.JPEG	0.0017700195	0.0017700195	0.0062955742	118	62	8.8525629044	row_140.tsv
top1	4823	0	val/images/val_4823.JPEG	0.7500000000	5169	124	val/images/val_5169.JPEG	0.0013427734	0.0013427734	0.0069718547	98	124	7.7555923462	row_141.tsv
top1	4823	0	val/images/val_4823.JPEG	0.7500000000	5190	91	val/images/val_5190.JPEG	0.0006103516	0.0006103516	0.0085226744	35	91	10.6184167862	row_142.tsv
top1	4823	0	val/images/val_4823.JPEG	0.7500000000	4916	157	val/images/val_4916.JPEG	0.0032958984	0.0032958984	0.004925995	186	157	9.2402324677	row_143.tsv
top1	4823	0	val/images/val_4823.JPEG	0.7500000000	5807	74	val/images/val_5807.JPEG	0.0014648438	0.0014648438	0.003621743	101	74	8.1500492096	row_144.tsv
top1	4823	0	val/images/val_4823.JPEG	0.7500000000	519	193	val/images/val_519.JPEG	0.0024414062	0.0024414062	0.0061269299	162	193	6.1620149612	row_145.tsv
top1	4823	0	val/images/val_4823.JPEG	0.7500000000	4122	152	val/images/val_4122.JPEG	0.0010986328	0.0010986328	0.0087385545	184	152	10.0275735855	row_146.tsv
top1	4823	0	val/images/val_4823.JPEG	0.7500000000	2432	34	val/images/val_2432.JPEG	0.0020141602	0.0020141602	0.0049693099	112	34	6.7561392784	row_147.tsv
top1	4823	0	val/images/val_4823.JPEG	0.7500000000	7748	176	val/images/val_7748.JPEG	0.002746582	0.0027465820	0.0064754619	123	176	7.5056934357	row_148.tsv
top1	4823	0	val/images/val_4823.JPEG	0.7500000000	7822	196	val/images/val_7822.JPEG	0.002746582	0.0027465820	0.0085092177	4	196	6.2042107582	row_149.tsv
top1	4823	0	val/images/val_4823.JPEG	0.7500000000	787	107	val/images/val_787.JPEG	0.0008544922	0.0008544922	0.0090316549	93	107	8.7079248428	row_150.tsv
