yt,val_ds_index,rel_path,epa,correct,M,N
0,108,val/images/val_108.JPEG,0.4437500000,142,8,40
0,517,val/images/val_517.JPEG,0.1093750000,35,8,40
0,826,val/images/val_826.JPEG,0.0781250000,25,8,40
0,1061,val/images/val_1061.JPEG,0.5437500000,174,8,40
0,1338,val/images/val_1338.JPEG,0.3500000000,112,8,40
0,1355,val/images/val_1355.JPEG,0.0000000000,0,8,40
0,2063,val/images/val_2063.JPEG,0.0187500000,6,8,40
0,2791,val/images/val_2791.JPEG,0.3656250000,117,8,40
0,2800,val/images/val_2800.JPEG,0.0750000000,24,8,40
0,2961,val/images/val_2961.JPEG,0.0343750000,11,8,40
0,3100,val/images/val_3100.JPEG,0.0000000000,0,8,40
0,3131,val/images/val_3131.JPEG,0.0000000000,0,8,40
0,3263,val/images/val_3263.JPEG,0.4843750000,155,8,40
0,3330,val/images/val_3330.JPEG,0.0250000000,8,8,40
0,3515,val/images/val_3515.JPEG,0.0343750000,11,8,40
0,3640,val/images/val_3640.JPEG,0.0593750000,19,8,40
0,3886,val/images/val_3886.JPEG,0.3812500000,122,8,40
0,4295,val/images/val_4295.JPEG,0.5906250000,189,8,40
0,4383,val/images/val_4383.JPEG,0.0437500000,14,8,40
0,4507,val/images/val_4507.JPEG,0.0187500000,6,8,40
0,4659,val/images/val_4659.JPEG,0.0937500000,30,8,40
0,4820,val/images/val_4820.JPEG,0.3375000000,108,8,40
0,4823,val/images/val_4823.JPEG,0.7500000000,240,8,40
0,4902,val/images/val_4902.JPEG,0.0000000000,0,8,40
0,5211,val/images/val_5211.JPEG,0.0000000000,0,8,40
0,5301,val/images/val_5301.JPEG,0.0000000000,0,8,40
0,5438,val/images/val_5438.JPEG,0.0062500000,2,8,40
0,5504,val/images/val_5504.JPEG,0.0468750000,15,8,40
0,5801,val/images/val_5801.JPEG,0.0187500000,6,8,40
0,5986,val/images/val_5986.JPEG,0.2218750000,71,8,40
0,6205,val/images/val_6205.JPEG,0.3031250000,97,8,40
0,6223,val/images/val_6223.JPEG,0.3968750000,127,8,40
0,6344,val/images/val_6344.JPEG,0.0031250000,1,8,40
0,6422,val/images/val_6422.JPEG,0.0000000000,0,8,40
0,6657,val/images/val_6657.JPEG,0.0031250000,1,8,40
0,7187,val/images/val_7187.JPEG,0.0125000000,4,8,40
0,7263,val/images/val_7263.JPEG,0.3156250000,101,8,40
0,7355,val/images/val_7355.JPEG,0.0031250000,1,8,40
0,7750,val/images/val_7750.JPEG,0.0156250000,5,8,40
0,7866,val/images/val_7866.JPEG,0.1906250000,61,8,40
0,8154,val/images/val_8154.JPEG,0.0156250000,5,8,40
0,8370,val/images/val_8370.JPEG,0.0875000000,28,8,40
0,8562,val/images/val_8562.JPEG,0.5281250000,169,8,40
0,8682,val/images/val_8682.JPEG,0.0312500000,10,8,40
0,8814,val/images/val_8814.JPEG,0.2593750000,83,8,40
0,8979,val/images/val_8979.JPEG,0.2093750000,67,8,40
0,9174,val/images/val_9174.JPEG,0.4125000000,132,8,40
0,9190,val/images/val_9190.JPEG,0.4000000000,128,8,40
0,9223,val/images/val_9223.JPEG,0.0781250000,25,8,40
0,9573,val/images/val_9573.JPEG,0.2468750000,79,8,40
