target_tag	target_val_ds_index	yt	target_rel_path	target_epa	candidate_val_ds_index	yp	candidate_rel_path	delta	eta_star	tau	pred_before	pred_after	g_norm	source_file	selection_tag
bottom1	1355	0	val/images/val_1355.JPEG	0.0000000000	3071	19	val/images/val_3071.JPEG	0.0004272461	0.0004272461	0.0089205403	161	19	6.5111746788	row_026.tsv	delta_bottom
bottom1	1355	0	val/images/val_1355.JPEG	0.0000000000	466	16	val/images/val_466.JPEG	0.0006713867	0.0006713867	0.0069875737	189	16	5.5082721710	row_042.tsv	delta_bottom
bottom1	1355	0	val/images/val_1355.JPEG	0.0000000000	6801	36	val/images/val_6801.JPEG	0.0010375977	0.0010375977	0.0069464543	115	36	6.8498635292	row_015.tsv	delta_bottom
bottom1	1355	0	val/images/val_1355.JPEG	0.0000000000	6477	91	val/images/val_6477.JPEG	0.0012207031	0.0012207031	0.0084203253	184	91	5.4465069771	row_031.tsv	delta_bottom
bottom1	1355	0	val/images/val_1355.JPEG	0.0000000000	2997	198	val/images/val_2997.JPEG	0.0042724609	0.0042724609	0.0087021662	179	198	5.5057039261	row_041.tsv	delta_top
bottom1	1355	0	val/images/val_1355.JPEG	0.0000000000	607	150	val/images/val_607.JPEG	0.0043945312	0.0043945312	0.0072611452	178	150	4.9897217751	row_012.tsv	delta_top
bottom1	1355	0	val/images/val_1355.JPEG	0.0000000000	8439	99	val/images/val_8439.JPEG	0.0045166016	0.0045166016	0.0121431227	34	99	6.5723218918	row_001.tsv	delta_top
bottom1	1355	0	val/images/val_1355.JPEG	0.0000000000	2101	67	val/images/val_2101.JPEG	0.005065918	0.0050659180	0.0028053699	119	67	4.0619034767	row_005.tsv	delta_top
bottom1	1355	0	val/images/val_1355.JPEG	0.0000000000	2101	67	val/images/val_2101.JPEG	0.005065918	0.0050659180	0.0028053699	119	67	4.0619034767	row_005.tsv	tau_bottom
bottom1	1355	0	val/images/val_1355.JPEG	0.0000000000	2825	125	val/images/val_2825.JPEG	0.0037231445	0.0037231445	0.0029124773	70	125	4.4162483215	row_007.tsv	tau_bottom
bottom1	1355	0	val/images/val_1355.JPEG	0.0000000000	1529	78	val/images/val_1529.JPEG	0.003112793	0.0031127930	0.0031262753	49	78	4.3984212875	row_009.tsv	tau_bottom
bottom1	1355	0	val/images/val_1355.JPEG	0.0000000000	9006	137	val/images/val_9006.JPEG	0.0026855469	0.0026855469	0.0039019402	46	137	4.7115082741	row_021.tsv	tau_bottom
bottom1	1355	0	val/images/val_1355.JPEG	0.0000000000	5820	157	val/images/val_5820.JPEG	0.0014648438	0.0014648438	0.0134532926	71	157	5.5060753822	row_034.tsv	tau_top
bottom1	1355	0	val/images/val_1355.JPEG	0.0000000000	6892	123	val/images/val_6892.JPEG	0.0031738281	0.0031738281	0.0140198507	29	123	8.4690208435	row_010.tsv	tau_top
bottom1	1355	0	val/images/val_1355.JPEG	0.0000000000	6595	144	val/images/val_6595.JPEG	0.0021972656	0.0021972656	0.0140689996	179	144	7.6036973000	row_029.tsv	tau_top
bottom1	1355	0	val/images/val_1355.JPEG	0.0000000000	7583	121	val/images/val_7583.JPEG	0.0015869141	0.0015869141	0.0159279199	41	121	7.6486010551	row_028.tsv	tau_top
middle1_midrange	3886	0	val/images/val_3886.JPEG	0.3812500000	2762	21	val/images/val_2762.JPEG	6.10352e-05	0.0000610352	0.0181105933	21	21	9.3737430573	row_054.tsv	delta_bottom
middle1_midrange	3886	0	val/images/val_3886.JPEG	0.3812500000	7462	49	val/images/val_7462.JPEG	0.0001220703	0.0001220703	0.0086567233	116	49	6.7896771431	row_083.tsv	delta_bottom
middle1_midrange	3886	0	val/images/val_3886.JPEG	0.3812500000	2345	175	val/images/val_2345.JPEG	0.0002441406	0.0002441406	0.0070506878	49	175	9.2313518524	row_057.tsv	delta_bottom
middle1_midrange	3886	0	val/images/val_3886.JPEG	0.3812500000	1025	86	val/images/val_1025.JPEG	0.0004272461	0.0004272461	0.0049782896	138	86	8.8026981354	row_082.tsv	delta_bottom
middle1_midrange	3886	0	val/images/val_3886.JPEG	0.3812500000	7998	10	val/images/val_7998.JPEG	0.0032958984	0.0032958984	0.0056674759	86	10	6.4190063477	row_053.tsv	delta_top
middle1_midrange	3886	0	val/images/val_3886.JPEG	0.3812500000	1236	16	val/images/val_1236.JPEG	0.0034179688	0.0034179688	0.006305095	196	16	7.9404225349	row_093.tsv	delta_top
middle1_midrange	3886	0	val/images/val_3886.JPEG	0.3812500000	2189	30	val/images/val_2189.JPEG	0.0036010742	0.0036010742	0.004472697	145	30	5.1415886879	row_078.tsv	delta_top
middle1_midrange	3886	0	val/images/val_3886.JPEG	0.3812500000	6005	84	val/images/val_6005.JPEG	0.0061035156	0.0061035156	0.0027794182	75	84	4.6258702278	row_076.tsv	delta_top
middle1_midrange	3886	0	val/images/val_3886.JPEG	0.3812500000	9179	157	val/images/val_9179.JPEG	0.0021362305	0.0021362305	0.0006840471	133	157	4.3577013016	row_077.tsv	tau_bottom
middle1_midrange	3886	0	val/images/val_3886.JPEG	0.3812500000	6005	84	val/images/val_6005.JPEG	0.0061035156	0.0061035156	0.0027794182	75	84	4.6258702278	row_076.tsv	tau_bottom
middle1_midrange	3886	0	val/images/val_3886.JPEG	0.3812500000	4021	63	val/images/val_4021.JPEG	0.000793457	0.0007934570	0.0035053553	15	63	6.5248651505	row_084.tsv	tau_bottom
middle1_midrange	3886	0	val/images/val_3886.JPEG	0.3812500000	592	57	val/images/val_592.JPEG	0.0020751953	0.0020751953	0.0035126396	169	57	5.5025415421	row_088.tsv	tau_bottom
middle1_midrange	3886	0	val/images/val_3886.JPEG	0.3812500000	3133	135	val/images/val_3133.JPEG	0.0014038086	0.0014038086	0.0148850341	141	135	10.0122098923	row_060.tsv	tau_top
middle1_midrange	3886	0	val/images/val_3886.JPEG	0.3812500000	693	170	val/images/val_693.JPEG	0.0009155273	0.0009155273	0.0171336704	175	170	10.8525590897	row_072.tsv	tau_top
middle1_midrange	3886	0	val/images/val_3886.JPEG	0.3812500000	297	168	val/images/val_297.JPEG	0.0017089844	0.0017089844	0.0177879421	104	168	11.6906337738	row_091.tsv	tau_top
middle1_midrange	3886	0	val/images/val_3886.JPEG	0.3812500000	2762	21	val/images/val_2762.JPEG	6.10352e-05	0.0000610352	0.0181105933	21	21	9.3737430573	row_054.tsv	tau_top
top1	4823	0	val/images/val_4823.JPEG	0.7500000000	4911	199	val/images/val_4911.JPEG	0.0005493164	0.0005493164	0.011050795	175	199	10.2655897141	row_122.tsv	delta_bottom
top1	4823	0	val/images/val_4823.JPEG	0.7500000000	1073	41	val/images/val_1073.JPEG	0.0006103516	0.0006103516	0.0091609033	55	41	11.8492670059	row_108.tsv	delta_bottom
top1	4823	0	val/images/val_4823.JPEG	0.7500000000	9081	167	val/images/val_9081.JPEG	0.0006103516	0.0006103516	0.0056153473	183	167	8.1809463501	row_125.tsv	delta_bottom
top1	4823	0	val/images/val_4823.JPEG	0.7500000000	5313	86	val/images/val_5313.JPEG	0.0006103516	0.0006103516	0.0116084018	73	86	9.9691848755	row_135.tsv	delta_bottom
top1	4823	0	val/images/val_4823.JPEG	0.7500000000	7822	196	val/images/val_7822.JPEG	0.002746582	0.0027465820	0.0085092177	4	196	6.2042107582	row_149.tsv	delta_top
top1	4823	0	val/images/val_4823.JPEG	0.7500000000	7843	105	val/images/val_7843.JPEG	0.0031738281	0.0031738281	0.0075397196	0	105	8.9048805237	row_121.tsv	delta_top
top1	4823	0	val/images/val_4823.JPEG	0.7500000000	4916	157	val/images/val_4916.JPEG	0.0032958984	0.0032958984	0.004925995	186	157	9.2402324677	row_143.tsv	delta_top
top1	4823	0	val/images/val_4823.JPEG	0.7500000000	1215	44	val/images/val_1215.JPEG	0.0033569336	0.0033569336	0.0060472301	149	44	7.1650323868	row_102.tsv	delta_top
top1	4823	0	val/images/val_4823.JPEG	0.7500000000	9841	72	val/images/val_9841.JPEG	0.0023803711	0.0023803711	0.0033712184	14	72	7.2571754456	row_138.tsv	tau_bottom
top1	4823	0	val/images/val_4823.JPEG	0.7500000000	5807	74	val/images/val_5807.JPEG	0.0014648438	0.0014648438	0.003621743	101	74	8.1500492096	row_144.tsv	tau_bottom
top1	4823	0	val/images/val_4823.JPEG	0.7500000000	462	35	val/images/val_462.JPEG	0.0018310547	0.0018310547	0.0040306462	110	35	7.5372872353	row_139.tsv	tau_bottom
top1	4823	0	val/images/val_4823.JPEG	0.7500000000	8480	146	val/images/val_8480.JPEG	0.0018920898	0.0018920898	0.0045758746	95	146	8.8376836777	row_101.tsv	tau_bottom
top1	4823	0	val/images/val_4823.JPEG	0.7500000000	370	4	val/images/val_370.JPEG	0.0018310547	0.0018310547	0.0142031291	53	4	12.4051046371	row_118.tsv	tau_top
top1	4823	0	val/images/val_4823.JPEG	0.7500000000	5611	31	val/images/val_5611.JPEG	0.0012207031	0.0012207031	0.0156257307	141	31	10.5554027557	row_113.tsv	tau_top
top1	4823	0	val/images/val_4823.JPEG	0.7500000000	6517	169	val/images/val_6517.JPEG	0.001159668	0.0011596680	0.0157297859	135	169	12.1433868408	row_128.tsv	tau_top
top1	4823	0	val/images/val_4823.JPEG	0.7500000000	3399	42	val/images/val_3399.JPEG	0.0017700195	0.0017700195	0.0215737284	82	42	10.9949493408	row_109.tsv	tau_top
