method	group	yt	yp	target_val_ds_index	poisonkey	budget
GM	bottom1__delta_bottom__yp19	0	19	1355	0-19-1355	0.0005
BP	bottom1__delta_bottom__yp19	0	19	1355	0-19-1355	0.0005
GM	bottom1__delta_bottom__yp16	0	16	1355	0-16-1355	0.0005
BP	bottom1__delta_bottom__yp16	0	16	1355	0-16-1355	0.0005
GM	bottom1__delta_bottom__yp36	0	36	1355	0-36-1355	0.0005
BP	bottom1__delta_bottom__yp36	0	36	1355	0-36-1355	0.0005
GM	bottom1__delta_bottom__yp91	0	91	1355	0-91-1355	0.0005
BP	bottom1__delta_bottom__yp91	0	91	1355	0-91-1355	0.0005
GM	bottom1__delta_top__yp198	0	198	1355	0-198-1355	0.0005
BP	bottom1__delta_top__yp198	0	198	1355	0-198-1355	0.0005
GM	bottom1__delta_top__yp150	0	150	1355	0-150-1355	0.0005
BP	bottom1__delta_top__yp150	0	150	1355	0-150-1355	0.0005
GM	bottom1__delta_top__yp99	0	99	1355	0-99-1355	0.0005
BP	bottom1__delta_top__yp99	0	99	1355	0-99-1355	0.0005
GM	bottom1__delta_top,tau_bottom__yp67	0	67	1355	0-67-1355	0.0005
BP	bottom1__delta_top,tau_bottom__yp67	0	67	1355	0-67-1355	0.0005
GM	bottom1__tau_bottom__yp125	0	125	1355	0-125-1355	0.0005
BP	bottom1__tau_bottom__yp125	0	125	1355	0-125-1355	0.0005
GM	bottom1__tau_bottom__yp78	0	78	1355	0-78-1355	0.0005
BP	bottom1__tau_bottom__yp78	0	78	1355	0-78-1355	0.0005
GM	bottom1__tau_bottom__yp137	0	137	1355	0-137-1355	0.0005
BP	bottom1__tau_bottom__yp137	0	137	1355	0-137-1355	0.0005
GM	bottom1__tau_top__yp157	0	157	1355	0-157-1355	0.0005
BP	bottom1__tau_top__yp157	0	157	1355	0-157-1355	0.0005
GM	bottom1__tau_top__yp123	0	123	1355	0-123-1355	0.0005
BP	bottom1__tau_top__yp123	0	123	1355	0-123-1355	0.0005
GM	bottom1__tau_top__yp144	0	144	1355	0-144-1355	0.0005
BP	bottom1__tau_top__yp144	0	144	1355	0-144-1355	0.0005
GM	bottom1__tau_top__yp121	0	121	1355	0-121-1355	0.0005
BP	bottom1__tau_top__yp121	0	121	1355	0-121-1355	0.0005
GM	middle1_midrange__delta_bottom,tau_top__yp21	0	21	3886	0-21-3886	0.0005
BP	middle1_midrange__delta_bottom,tau_top__yp21	0	21	3886	0-21-3886	0.0005
GM	middle1_midrange__delta_bottom__yp49	0	49	3886	0-49-3886	0.0005
BP	middle1_midrange__delta_bottom__yp49	0	49	3886	0-49-3886	0.0005
GM	middle1_midrange__delta_bottom__yp175	0	175	3886	0-175-3886	0.0005
BP	middle1_midrange__delta_bottom__yp175	0	175	3886	0-175-3886	0.0005
GM	middle1_midrange__delta_bottom__yp86	0	86	3886	0-86-3886	0.0005
BP	middle1_midrange__delta_bottom__yp86	0	86	3886	0-86-3886	0.0005
GM	middle1_midrange__delta_top__yp10	0	10	3886	0-10-3886	0.0005
BP	middle1_midrange__delta_top__yp10	0	10	3886	0-10-3886	0.0005
GM	middle1_midrange__delta_top__yp16	0	16	3886	0-16-3886	0.0005
BP	middle1_midrange__delta_top__yp16	0	16	3886	0-16-3886	0.0005
GM	middle1_midrange__delta_top__yp30	0	30	3886	0-30-3886	0.0005
BP	middle1_midrange__delta_top__yp30	0	30	3886	0-30-3886	0.0005
GM	middle1_midrange__delta_top,tau_bottom__yp84	0	84	3886	0-84-3886	0.0005
BP	middle1_midrange__delta_top,tau_bottom__yp84	0	84	3886	0-84-3886	0.0005
GM	middle1_midrange__tau_bottom__yp157	0	157	3886	0-157-3886	0.0005
BP	middle1_midrange__tau_bottom__yp157	0	157	3886	0-157-3886	0.0005
GM	middle1_midrange__tau_bottom__yp63	0	63	3886	0-63-3886	0.0005
BP	middle1_midrange__tau_bottom__yp63	0	63	3886	0-63-3886	0.0005
GM	middle1_midrange__tau_bottom__yp57	0	57	3886	0-57-3886	0.0005
BP	middle1_midrange__tau_bottom__yp57	0	57	3886	0-57-3886	0.0005
GM	middle1_midrange__tau_top__yp135	0	135	3886	0-135-3886	0.0005
BP	middle1_midrange__tau_top__yp135	0	135	3886	0-135-3886	0.0005
GM	middle1_midrange__tau_top__yp170	0	170	3886	0-170-3886	0.0005
BP	middle1_midrange__tau_top__yp170	0	170	3886	0-170-3886	0.0005
GM	middle1_midrange__tau_top__yp168	0	168	3886	0-168-3886	0.0005
BP	middle1_midrange__tau_top__yp168	0	168	3886	0-168-3886	0.0005
GM	top1__delta_bottom__yp199	0	199	4823	0-199-4823	0.0005
BP	top1__delta_bottom__yp199	0	199	4823	0-199-4823	0.0005
GM	top1__delta_bottom__yp41	0	41	4823	0-41-4823	0.0005
BP	top1__delta_bottom__yp41	0	41	4823	0-41-4823	0.0005
GM	top1__delta_bottom__yp167	0	167	4823	0-167-4823	0.0005
BP	top1__delta_bottom__yp167	0	167	4823	0-167-4823	0.0005
GM	top1__delta_bottom__yp86	0	86	4823	0-86-4823	0.0005
BP	top1__delta_bottom__yp86	0	86	4823	0-86-4823	0.0005
GM	top1__delta_top__yp196	0	196	4823	0-196-4823	0.0005
BP	top1__delta_top__yp196	0	196	4823	0-196-4823	0.0005
GM	top1__delta_top__yp105	0	105	4823	0-105-4823	0.0005
BP	top1__delta_top__yp105	0	105	4823	0-105-4823	0.0005
GM	top1__delta_top__yp157	0	157	4823	0-157-4823	0.0005
BP	top1__delta_top__yp157	0	157	4823	0-157-4823	0.0005
GM	top1__delta_top__yp44	0	44	4823	0-44-4823	0.0005
BP	top1__delta_top__yp44	0	44	4823	0-44-4823	0.0005
GM	top1__tau_bottom__yp72	0	72	4823	0-72-4823	0.0005
BP	top1__tau_bottom__yp72	0	72	4823	0-72-4823	0.0005
GM	top1__tau_bottom__yp74	0	74	4823	0-74-4823	0.0005
BP	top1__tau_bottom__yp74	0	74	4823	0-74-4823	0.0005
GM	top1__tau_bottom__yp35	0	35	4823	0-35-4823	0.0005
BP	top1__tau_bottom__yp35	0	35	4823	0-35-4823	0.0005
GM	top1__tau_bottom__yp146	0	146	4823	0-146-4823	0.0005
BP	top1__tau_bottom__yp146	0	146	4823	0-146-4823	0.0005
GM	top1__tau_top__yp4	0	4	4823	0-4-4823	0.0005
BP	top1__tau_top__yp4	0	4	4823	0-4-4823	0.0005
GM	top1__tau_top__yp31	0	31	4823	0-31-4823	0.0005
BP	top1__tau_top__yp31	0	31	4823	0-31-4823	0.0005
GM	top1__tau_top__yp169	0	169	4823	0-169-4823	0.0005
BP	top1__tau_top__yp169	0	169	4823	0-169-4823	0.0005
GM	top1__tau_top__yp42	0	42	4823	0-42-4823	0.0005
BP	top1__tau_top__yp42	0	42	4823	0-42-4823	0.0005
