budget	eps	target	goal	poison	target_loss_reinit	target_acc_reinit	target_loss_rerun	target_acc_rerun	brewed_loss	optim	iter	loss	tau	centreg	normreg	repel	init	pbatch	adv	ens	vruns	pshuffle	paugment	step	full_data	stagger	maxepoch	nadapt	data_aug	epochs	lr	poison_loss	restarts	step_decay	ablation	benchmark_idx	target_mloss_reinit	target_macc_reinit	target_mloss_rerun	target_macc_rerun	target_clean_loss_reinit	target_clean_acc_reinit	target_clean_loss_rerun	target_clean_acc_rerun	train_time	brew_time	test_time	train_loss_reinit	val_loss_reinit	train_acc_reinit	val_acc_reinit	train_loss_rerun	val_loss_rerun	train_acc_rerun	val_acc_rerun	train_loss_clean	val_loss_clean	train_acc_clean	val_acc_clean	poisonkey	modelkey	net	vnet
0.01	16	airplane	automobile	automobile	0.00036800056432184647	1.0			0.2655905485153198	signAdam	250	similarity	0.1	0	0	0	randn	512	0	1	8	False	True	False	False	False		2	default	40	0.1	cross-entropy	8	True	1.0	3	0.5447910666062284	0.78125			8.742508172988892	0.0			0:05:22.728452	0:17:32.145869	0:49:27.051702	0.05615286424409484	0.25370291544454576	0.9826900000000001	0.9225047504750475					0.05658815011305882	0.24945287312133402	0.98256	0.922992299229923	0-1-2136	3393112240	ResNet18	
0.01	16	airplane	automobile	automobile	3.928998000901629e-05	1.0			0.2895018458366394	signAdam	250	similarity	0.1	0	0	0	randn	512	0	1	8	False	True	False	False	False		2	default	40	0.1	cross-entropy	8	True	1.0	1	1.5271503336184935	0.6875			13.829001069068909	0.0			0:06:17.893189	0:20:52.531137	0:56:22.386895	0.057351608444160075	0.25437494831843466	0.98233	0.921854685468547					0.05651794383516702	0.2572733975852592	0.98292	0.9208920892089208	0-1-982	1052569631	ResNet18	
0.01	16	airplane	automobile	automobile	0.00011933858945667453	1.0			0.20383989810943604	signAdam	250	similarity	0.1	0	0	0	randn	512	0	1	8	False	True	False	False	False		2	default	40	0.1	cross-entropy	8	True	1.0	4	0.4365349763405334	0.8125			11.141151905059814	0.0			0:06:02.364430	0:16:37.569098	0:55:08.446509	0.05517705982012669	0.2557532949597115	0.9831	0.9212921292129213					0.057251130447477636	0.25572066952156114	0.98246	0.9227922792279228	0-1-888	2923655903	ResNet18	
0.01	16	airplane	automobile	automobile	7.922484087430348e-05	1.0			0.21103090047836304	signAdam	250	similarity	0.1	0	0	0	randn	512	0	1	8	False	True	False	False	False		2	default	40	0.1	cross-entropy	8	True	1.0	6	1.274709543922387	0.65625			10.449190020561218	0.0			0:05:49.000387	0:17:27.016604	0:52:09.578915	0.05559940530729177	0.2576202017290494	0.9830475000000001	0.9220797079707971					0.05125338179261788	0.25303408795896964	0.98466	0.9214921492149215	0-1-7632	4117470687	ResNet18	
0.01	16	airplane	automobile	automobile	0.0038582698471145704	1.0			0.20317542552947998	signAdam	250	similarity	0.1	0	0	0	randn	512	0	1	8	False	True	False	False	False		2	default	40	0.1	cross-entropy	8	True	1.0	2	0.45231220576824854	0.875			6.373756051063538	0.0			0:10:26.251810	0:22:48.871484	1:30:49.148141	0.05502847229908256	0.2557662046408351	0.9833000000000001	0.9222672267226724					0.057818213391982384	0.25846339460415174	0.98242	0.9174917491749175	0-1-1072	1640726544	ResNet18	
0.01	16	airplane	automobile	automobile	0.009084963545319624	1.0			0.25619786977767944	signAdam	250	similarity	0.1	0	0	0	randn	512	0	1	8	False	True	False	False	False		2	default	40	0.1	cross-entropy	8	True	1.0	5	0.9621887444307504	0.625			9.329099833965302	0.0			0:09:52.678815	0:22:26.129359	1:27:19.391679	0.05866440021744965	0.25227630658876854	0.9819275	0.9217046704670466					0.07138870314925985	0.27584462527987325	0.9774	0.9133913391339133	0-1-2232	1141950241	ResNet18	
0.01	16	airplane	automobile	automobile	0.06697388971224427	1.0			0.2492884397506714	signAdam	250	similarity	0.1	0	0	0	randn	512	0	1	8	False	True	False	False	False		2	default	40	0.1	cross-entropy	8	True	1.0	9	1.5377738165901973	0.53125			4.957479268312454	0.0			0:05:12.824832	0:17:39.366048	0:47:27.242099	0.05850941526627316	0.2588445777014558	0.981975	0.921067106710671					0.04999919709227884	0.248632177946311	0.98452	0.9253925392539254	0-1-1823	1221487627	ResNet18	
0.01	16	airplane	automobile	automobile	0.0033311355880982774	1.0			0.21188288927078247	signAdam	250	similarity	0.1	0	0	0	randn	512	0	1	8	False	True	False	False	False		2	default	40	0.1	cross-entropy	8	True	1.0	10	1.680414903515438	0.6875			12.223512351512909	0.0			0:06:12.421160	0:19:47.373937	0:57:37.934339	0.05464486480819161	0.25866484245332544	0.9829325	0.9226172617261725					0.06585864361632815	0.25587607203405116	0.9802	0.9206920692069207	0-1-378	2655716076	ResNet18	
0.01	16	airplane	automobile	automobile	0.046094791490759235	1.0			0.2853696346282959	signAdam	250	similarity	0.1	0	0	0	randn	512	0	1	8	False	True	False	False	False		2	default	40	0.1	cross-entropy	8	True	1.0	11	2.800726459339239	0.4375			3.822844982147217	0.0			0:05:58.384531	0:16:20.960418	0:54:49.944677	0.0566985353463046	0.26025225586976997	0.982515	0.9204420442044203					0.053794390500506474	0.2567020808405514	0.98322	0.9230923092309231	0-1-4294	2636431280	ResNet18	
0.01	16	airplane	automobile	automobile	0.36485691787675023	0.875			0.17661786079406738	signAdam	250	similarity	0.1	0	0	0	randn	512	0	1	8	False	True	False	False	False		2	default	40	0.1	cross-entropy	8	True	1.0	12	2.2163122564728837	0.34375			1.614519514143467	0.125			0:05:28.229831	0:17:20.184231	0:51:30.458611	0.057734763332525904	0.2581299593247756	0.9822625	0.9202045204520453					0.06544993816853484	0.2753573280723789	0.98022	0.9164916491649165	0-1-8400	3170549621	ResNet18	
0.01	16	airplane	automobile	automobile	0.008010555577129708	1.0			0.2474190592765808	signAdam	250	similarity	0.1	0	0	0	randn	512	0	1	8	False	True	False	False	False		2	default	40	0.1	cross-entropy	8	True	1.0	13	0.8344680226464789	0.78125			6.393837630748749	0.0			0:05:53.614525	0:21:25.949950	1:01:08.696461	0.05568689837679029	0.252930858366993	0.9829600000000001	0.9220297029702971					0.06282940911857979	0.2711879322423211	0.98088	0.913991399139914	0-1-4446	3322489128	ResNet18	
0.01	16	airplane	automobile	automobile	0.04157598051597233	1.0			0.29823482036590576	signAdam	250	similarity	0.1	0	0	0	randn	512	0	1	8	False	True	False	False	False		2	default	40	0.1	cross-entropy	8	True	1.0	17	1.5329721236549063	0.46875			7.48815256357193	0.0			0:05:58.790541	0:16:41.887704	0:54:52.237844	0.05653646028489875	0.2608356039169468	0.9825524999999999	0.920929592959296					0.056939949360116364	0.25610816016604626	0.98238	0.9221922192219222	0-1-255	481649544	ResNet18	
0.01	16	airplane	automobile	automobile	0.0011668189199554035	1.0			0.2951558828353882	signAdam	250	similarity	0.1	0	0	0	randn	512	0	1	8	False	True	False	False	False		2	default	40	0.1	cross-entropy	8	True	1.0	18	1.2142820344790608	0.625			7.570995926856995	0.0			0:05:43.500534	0:18:01.105705	0:52:36.006856	0.057393531336763504	0.2573786378378355	0.982415	0.9215296529652965					0.054919962118596524	0.25795296523012695	0.9838	0.9215921592159216	0-1-9493	2846168401	ResNet18	
0.01	16	airplane	automobile	automobile	0.31780329218599945	0.875			0.198449969291687	signAdam	250	similarity	0.1	0	0	0	randn	512	0	1	8	False	True	False	False	False		2	default	40	0.1	cross-entropy	8	True	1.0	16	2.0003879978292387	0.4375			2.8035010658204556	0.125			0:06:36.703461	0:20:58.774086	0:57:28.320387	0.05614250414895222	0.2549057952658851	0.982855	0.9224422442244224					0.06393451141693708	0.263427789641332	0.97972	0.916991699169917	0-1-4270	3751071504	ResNet18	
0.01	16	airplane	automobile	automobile	0.009846561166341417	1.0			0.20753860473632812	signAdam	250	similarity	0.1	0	0	0	randn	512	0	1	8	False	True	False	False	False		2	default	40	0.1	cross-entropy	8	True	1.0	14	1.2208240525007568	0.5625			5.441168457269669	0.0			0:09:53.661259	0:23:06.404751	1:26:30.537169	0.0544069331095261	0.25123554712185	0.9834749999999999	0.9230923092309231					0.05587247422779613	0.2541764274805407	0.98318	0.9250925092509251	0-1-352	4124587738	ResNet18	
0.01	16	airplane	automobile	automobile	0.02988058453775011	1.0			0.19716179370880127	signAdam	250	similarity	0.1	0	0	0	randn	512	0	1	8	False	True	False	False	False		2	default	40	0.1	cross-entropy	8	True	1.0	15	1.6072727242572	0.5			4.462605059146881	0.0			0:10:27.355448	0:23:48.107052	1:31:04.170246	0.05591426208994025	0.261699067546597	0.9827725	0.9201920192019202					0.05974405860323507	0.24574420025831537	0.98186	0.9246924692469247	0-1-6006	432133339	ResNet18	
0.01	16	airplane	automobile	automobile	0.09537574589012365	1.0			0.3173603415489197	signAdam	250	similarity	0.1	0	0	0	randn	512	0	1	8	False	True	False	False	False		2	default	40	0.1	cross-entropy	8	True	1.0	19	1.9577194270636027	0.59375			5.867389261722565	0.0			0:06:05.971793	0:20:30.710322	0:56:38.275156	0.05344323908387329	0.2549693571341731	0.9835575000000001	0.9226422642264226					0.0532066220813014	0.24929356367527683	0.98422	0.9240924092409241	0-1-3444	3149176412	ResNet18	
0.01	16	airplane	automobile	automobile	0.0075250843774483656	1.0			0.21564435958862305	signAdam	250	similarity	0.1	0	0	0	randn	512	0	1	8	False	True	False	False	False		2	default	40	0.1	cross-entropy	8	True	1.0	21	1.8344576486709456	0.53125			5.910637736320496	0.0			0:05:57.141727	0:16:05.398830	0:54:27.692759	0.05973916724437366	0.26443232081335366	0.981525	0.9186293629362936					0.05930003040777448	0.2656197059380857	0.98196	0.9177917791779178	0-1-7257	1391144982	ResNet18	
0.01	16	airplane	automobile	automobile	0.12079325079685077	1.0			0.28733277320861816	signAdam	250	similarity	0.1	0	0	0	randn	512	0	1	8	False	True	False	False	False		2	default	40	0.1	cross-entropy	8	True	1.0	20	1.203268139818101	0.596875			4.54924601316452	0.0			0:06:13.347286	0:20:53.644386	0:56:55.842275	0.056911562987462715	0.2582087020354369	0.9822	0.9210546054605461					0.06229806004944817	0.2636604786296434	0.98022	0.9183918391839184	0-1-3511	3054627892	ResNet18	
0.01	16	airplane	automobile	automobile	2.7670751279629258e-05	1.0			0.21681684255599976	signAdam	250	similarity	0.1	0	0	0	randn	512	0	1	8	False	True	False	False	False		2	default	40	0.1	cross-entropy	8	True	1.0	23	0.9669347676742092	0.625			11.625691890716553	0.0			0:06:00.061423	0:17:17.035125	0:54:59.181490	0.05777495457103614	0.25690382544564294	0.982305	0.9218671867186718					0.05407032892917809	0.24679430102622962	0.98272	0.9246924692469247	0-1-9956	1038326682	ResNet18	
0.01	16	airplane	automobile	automobile	0.004130873108806554	1.0			0.24387574195861816	signAdam	250	similarity	0.1	0	0	0	randn	512	0	1	8	False	True	False	False	False		2	default	40	0.1	cross-entropy	8	True	1.0	22	1.727793010215646	0.5625			6.314083397388458	0.0			0:06:28.241180	0:22:09.513758	0:58:52.657270	0.0563859381939849	0.2566999883650319	0.98258	0.9212921292129213					0.06933513371859823	0.2832833652066279	0.9781	0.9147914791479148	0-1-8590	3382491391	ResNet18	
0.01	16	airplane	automobile	automobile	0.10864401738217566	1.0			0.2124689221382141	signAdam	250	similarity	0.1	0	0	0	randn	512	0	1	8	False	True	False	False	False		2	default	40	0.1	cross-entropy	8	True	1.0	24	1.841836984324982	0.5625			4.6509436666965485	0.0			0:05:56.421041	0:19:34.950805	0:53:52.012034	0.051611043569986775	0.2508125772782236	0.98426	0.9236298629862987					0.05224973157696102	0.2551273275402528	0.98362	0.9238923892389239	0-1-1789	1929912215	ResNet18	
0.01	16	airplane	automobile	automobile	0.0036180299957777606	1.0			0.13555896282196045	signAdam	250	similarity	0.1	0	0	0	randn	512	0	1	8	False	True	False	False	False		2	default	40	0.1	cross-entropy	8	True	1.0	7	0.8713145618180989	0.625			8.269092202186584	0.0			0:22:39.896369	0:38:00.236566	4:32:12.344920	0.054937089857695354	0.2536742527721615	0.9831825000000001	0.9228547854785478					0.054179791949422615	0.24886325331805628	0.98366	0.9259925992599259	0-1-8743	2061328474	ResNet18	
0.01	16	airplane	automobile	automobile	0.5536123902420513	0.625			0.19664514064788818	signAdam	250	similarity	0.1	0	0	0	randn	512	0	1	8	False	True	False	False	False		2	default	40	0.1	cross-entropy	8	True	1.0	26	1.7285516207935872	0.403125			2.177635352127254	0.375			0:05:56.832622	0:16:19.779935	0:54:38.428580	0.05709490154916302	0.25991033928327356	0.9825725000000001	0.9202420242024203					0.0504260076724393	0.24134499650401406	0.98488	0.9268926892689269	0-1-9097	2739566511	ResNet18	
0.01	16	airplane	automobile	automobile	0.0004580070039992279	1.0			0.23580622673034668	signAdam	250	similarity	0.1	0	0	0	randn	512	0	1	8	False	True	False	False	False		2	default	40	0.1	cross-entropy	8	True	1.0	28	1.0676967729033264	0.65625			10.194172501564026	0.0			0:06:01.400264	0:17:03.449978	0:54:45.693903	0.056007382311367565	0.2578443121636593	0.9828250000000001	0.9209545954595459					0.061485733722558104	0.27242852191004574	0.9808	0.9170917091709171	0-1-169	2166237548	ResNet18	
0.01	16	airplane	automobile	automobile	0.4415735113725532	0.875			0.21607184410095215	signAdam	250	similarity	0.1	0	0	0	randn	512	0	1	8	False	True	False	False	False		2	default	40	0.1	cross-entropy	8	True	1.0	30	0.8796004372845345	0.75			3.290720836725086	0.125			0:05:54.115462	0:19:42.824394	0:53:08.895741	0.05263560262384832	0.2543843101556826	0.9840475	0.9235048504850485					0.0541326792629631	0.2630247290753111	0.98314	0.9212921292129213	0-1-6885	934821602	ResNet18	
0.01	16	airplane	automobile	automobile	0.00485691203357419	1.0			0.23105883598327637	signAdam	250	similarity	0.1	0	0	0	randn	512	0	1	8	False	True	False	False	False		2	default	40	0.1	cross-entropy	8	True	1.0	31	1.6792864787862527	0.53125			6.33486795425415	0.0			0:05:15.964473	0:15:45.930346	0:49:01.326814	0.05682662035510673	0.2575310069796499	0.9823525	0.9206795679567956					0.050823542937312435	0.2546374044746538	0.98458	0.9216921692169217	0-1-1446	795915534	ResNet18	
0.01	16	airplane	automobile	automobile	0.22971593349939212	0.875			0.23480820655822754	signAdam	250	similarity	0.1	0	0	0	randn	512	0	1	8	False	True	False	False	False		2	default	40	0.1	cross-entropy	8	True	1.0	33	1.7466455626141397	0.4375			2.930959977209568	0.125			0:05:15.035682	0:17:09.501532	0:48:48.289207	0.05703250262165761	0.262846620087335	0.9823975	0.9199919991999199					0.05418010756535375	0.25921712919503825	0.98292	0.922092209220922	0-1-6306	4168195743	ResNet18	
0.01	16	airplane	automobile	automobile	0.5320298701990396	0.75			0.2127048373222351	signAdam	250	similarity	0.1	0	0	0	randn	512	0	1	8	False	True	False	False	False		2	default	40	0.1	cross-entropy	8	True	1.0	35	2.334361721202731	0.315625			3.4257905185222626	0.125			0:05:17.061496	0:17:03.250926	0:48:51.550241	0.0620055591855484	0.26403176051246213	0.9809175	0.9189293929392939					0.05312822817984368	0.2458073665635495	0.9839	0.9271927192719271	0-1-7154	3521100801	ResNet18	
0.01	16	airplane	automobile	automobile	0.010299155076609168	1.0			0.21131128072738647	signAdam	250	similarity	0.1	0	0	0	randn	512	0	1	8	False	True	False	False	False		2	default	40	0.1	cross-entropy	8	True	1.0	34	1.482572388021231	0.625			6.798098713159561	0.0			0:05:53.044983	0:19:27.115230	0:54:20.693839	0.05860105719622177	0.2628704369468968	0.9818024999999999	0.9198794879487948					0.056840191073620414	0.2593001399802256	0.98244	0.91999199919992	0-1-7018	262217674	ResNet18	
0.01	16	airplane	automobile	automobile	0.4850387799087912	0.75			0.2618122696876526	signAdam	250	similarity	0.1	0	0	0	randn	512	0	1	8	False	True	False	False	False		2	default	40	0.1	cross-entropy	8	True	1.0	36	1.62331767789874	0.471875			1.778289195150137	0.25			0:05:13.583422	0:17:34.383935	0:48:52.878222	0.056798423603808275	0.259636826919321	0.982565	0.9206170617061706					0.05290317310549109	0.2541899095419087	0.98426	0.9222922292229223	0-1-8031	3112659896	ResNet18	
0.01	16	airplane	automobile	automobile	0.000308668956222391	1.0			0.17034471035003662	signAdam	250	similarity	0.1	0	0	0	randn	512	0	1	8	False	True	False	False	False		2	default	40	0.1	cross-entropy	8	True	1.0	37	0.6615099163866717	0.78125			8.709952414035797	0.0			0:05:18.042313	0:17:28.260772	0:48:55.069028	0.0559188944455522	0.2585502406876959	0.9828874999999999	0.9214296429642964					0.05548271924600272	0.2485180010523977	0.98354	0.923992399239924	0-1-5160	1907754049	ResNet18	
0.01	16	airplane	automobile	automobile	0.2503122597172478	0.875			0.2128087282180786	signAdam	250	similarity	0.1	0	0	0	randn	512	0	1	8	False	True	False	False	False		2	default	40	0.1	cross-entropy	8	True	1.0	38	2.3112283812907437	0.4375			4.390790650621057	0.125			0:06:04.022312	0:20:29.169075	0:56:34.608513	0.054522687490657924	0.25197292982211594	0.9834099999999999	0.9211421142114211					0.055684877790586874	0.2653564064751697	0.98358	0.9214921492149215	0-1-7038	4262657252	ResNet18	
0.01	16	airplane	automobile	automobile	0.2828147495165467	0.875			0.2526460886001587	signAdam	250	similarity	0.1	0	0	0	randn	512	0	1	8	False	True	False	False	False		2	default	40	0.1	cross-entropy	8	True	1.0	32	2.1473601181060076	0.375			2.0940979719161987	0.125			0:29:53.711810	0:36:28.053284	2:27:20.646632	0.05596367475074118	0.25400875350224633	0.982695	0.9216921692169218					0.05693909042345746	0.2739228068650523	0.98232	0.9184918491849184	0-1-6221	3671760965	ResNet18	
0.01	16	airplane	automobile	automobile	0.01962920811638469	1.0			0.19641751050949097	signAdam	250	similarity	0.1	0	0	0	randn	512	0	1	8	False	True	False	False	False		2	default	40	0.1	cross-entropy	8	True	1.0	39	2.0446200152200618	0.5			5.323786228895187	0.0			0:05:14.030447	0:17:24.287445	0:48:57.749512	0.05627539138937288	0.2578315675388314	0.982685	0.9210046004600461					0.060997164281813995	0.2586984790012806	0.98112	0.91999199919992	0-1-9973	278421005	ResNet18	
0.01	16	airplane	automobile	automobile	2.8841024464927614	0.125			0.29230058193206787	signAdam	250	similarity	0.1	0	0	0	randn	512	0	1	8	False	True	False	False	False		2	default	40	0.1	cross-entropy	8	True	1.0	40	3.7176365446473936	0.090625			0.5539968926750589	0.875			0:05:20.427330	0:17:44.026034	0:48:25.263029	0.05468455477602199	0.25995072085245313	0.98324	0.9201920192019202					0.05620609268145945	0.26692109630454947	0.9826	0.9197919791979198	0-1-2368	2068339736	ResNet18	
0.01	16	airplane	automobile	automobile	0.009130072295192804	1.0			0.21086645126342773	signAdam	250	similarity	0.1	0	0	0	randn	512	0	1	8	False	True	False	False	False		2	default	40	0.1	cross-entropy	8	True	1.0	41	2.3987910489434627	0.5			6.720930278301239	0.0			0:05:58.003668	0:16:24.886732	0:54:40.868095	0.05435120220423517	0.2571231697426661	0.98343	0.9209295929592959					0.052252103238726214	0.23729000070804282	0.98366	0.9264926492649265	0-1-116	2504777968	ResNet18	
0.01	16	airplane	automobile	automobile	5.38428008556366	0.0			0.29692542552948	signAdam	250	similarity	0.1	0	0	0	randn	512	0	1	8	False	True	False	False	False		2	default	40	0.1	cross-entropy	8	True	1.0	44	6.641146729141473	0.0			0.14821490086615086	1.0			0:05:52.819387	0:19:41.510838	0:55:12.300102	0.05747527159694486	0.2558759868563495	0.982475	0.9203045304530453					0.05333057426802262	0.2524326823746102	0.98376	0.9236923692369237	0-1-2461	1022337649	ResNet18	
0.01	16	airplane	automobile	automobile	0.04543258591002086	1.0			0.2552782893180847	signAdam	250	similarity	0.1	0	0	0	randn	512	0	1	8	False	True	False	False	False		2	default	40	0.1	cross-entropy	8	True	1.0	47	2.033993811086475	0.53125			4.859054982662201	0.0			0:05:58.248003	0:16:59.422980	0:54:48.930343	0.056973726078963186	0.25648415471792596	0.9823500000000001	0.9213796379637964					0.06476205443758565	0.2601802400018595	0.9792	0.9195919591959196	0-1-9326	1338884786	ResNet18	
0.01	16	airplane	automobile	automobile	1.563963248161599	0.125			0.2435365915298462	signAdam	250	similarity	0.1	0	0	0	randn	512	0	1	8	False	True	False	False	False		2	default	40	0.1	cross-entropy	8	True	1.0	46	4.374863501539221	0.090625			0.8227762455353513	0.875			0:10:25.747510	0:23:12.860590	1:30:59.930765	0.05782795562962656	0.26037898558321637	0.982125	0.9196544654465446					0.06307398322302743	0.2564834400634222	0.98056	0.9211921192119212	0-1-6601	477178650	ResNet18	
0.01	16	airplane	automobile	automobile	0.005800460414320696	1.0			0.23428094387054443	signAdam	250	similarity	0.1	0	0	0	randn	512	0	1	8	False	True	False	False	False		2	default	40	0.1	cross-entropy	8	True	1.0	48	1.5986372816632866	0.5625			5.84961724281311	0.0			0:06:03.761731	0:19:28.974477	0:55:51.537583	0.055434738375905124	0.2588056018045526	0.98307	0.9214046404640464					0.058561489919719795	0.275127626861198	0.98264	0.9156915691569157	0-1-9499	1858861504	ResNet18	
0.01	16	airplane	automobile	automobile	0.6790998703800142	0.625			0.24547940492630005	signAdam	250	similarity	0.1	0	0	0	randn	512	0	1	8	False	True	False	False	False		2	default	40	0.1	cross-entropy	8	True	1.0	49	2.855945213319501	0.253125			2.0006971023976803	0.375			0:06:03.498107	0:17:08.921514	0:54:58.753846	0.06261705132016718	0.2661890070472809	0.9804499999999999	0.9189043904390439					0.05570592301304612	0.2610722220019449	0.98342	0.9213921392139214	0-1-298	44422363	ResNet18	
0.01	16	airplane	automobile	automobile	0.004416392932398594	1.0			0.22265321016311646	signAdam	250	similarity	0.1	0	0	0	randn	512	0	1	8	False	True	False	False	False		2	default	40	0.1	cross-entropy	8	True	1.0	51	2.1374340917034713	0.5625			6.7742409110069275	0.0			0:05:55.038950	0:19:11.782158	0:54:57.187614	0.05899531605428375	0.26210718120365767	0.9817125	0.9198294829482949					0.061795162218039296	0.2605223551958422	0.9809	0.9196919691969196	0-1-9182	3332503334	ResNet18	
0.01	16	airplane	automobile	automobile	2.6486382763832808	0.25			0.2950144410133362	signAdam	250	similarity	0.1	0	0	0	randn	512	0	1	8	False	True	False	False	False		2	default	40	0.1	cross-entropy	8	True	1.0	53	5.03291348121129	0.0625			0.5145236040698364	0.75			0:05:55.055706	0:19:07.036245	0:54:20.106720	0.05362408226349956	0.257598946696218	0.983695	0.9217171717171717					0.060656147897052946	0.2522975246928915	0.98176	0.9196919691969196	0-1-9946	317170007	ResNet18	
0.01	16	airplane	automobile	automobile	4.790532797574997	0.0			0.21073931455612183	signAdam	250	similarity	0.1	0	0	0	randn	512	0	1	8	False	True	False	False	False		2	default	40	0.1	cross-entropy	8	True	1.0	54	6.41135328039527	0.0			0.014946330498787574	1.0			0:07:39.426795	0:24:12.181169	1:23:11.476751	0.05923696018337413	0.26800005545226646	0.981805	0.919016901690169					0.05216924640614434	0.2452800321050837	0.98364	0.9228922892289229	0-1-235	3874548773	ResNet18	
0.01	16	airplane	automobile	automobile	0.24769479199312627	0.875			0.22836977243423462	signAdam	250	similarity	0.1	0	0	0	randn	512	0	1	8	False	True	False	False	False		2	default	40	0.1	cross-entropy	8	True	1.0	55	2.187045939825475	0.46875			3.0189017206430435	0.125			0:07:43.569828	0:23:37.036446	1:12:51.960131	0.05815071758517609	0.26144109705840296	0.9821725	0.9196669666966697					0.05438172811275477	0.2608348979037019	0.9837	0.9215921592159216	0-1-1295	2778444081	ResNet18	
0.01	16	airplane	automobile	automobile	1.2346727726981044	0.375			0.25887876749038696	signAdam	250	similarity	0.1	0	0	0	randn	512	0	1	8	False	True	False	False	False		2	default	40	0.1	cross-entropy	8	True	1.0	56	4.437097780546173	0.1875			0.7938519418239594	0.625			0:05:57.782238	0:20:20.218691	0:58:42.323937	0.05595440500745755	0.2612000539887084	0.982815	0.9207045704570457					0.07918862662161402	0.2789241061840631	0.9743	0.9123912391239124	0-1-2373	3011759275	ResNet18	
0.01	16	airplane	automobile	automobile	0.3396982383565046	0.875			0.19852101802825928	signAdam	250	similarity	0.1	0	0	0	randn	512	0	1	8	False	True	False	False	False		2	default	40	0.1	cross-entropy	8	True	1.0	57	3.1952100916173207	0.4375			3.6678041676059365	0.125			0:06:30.351024	0:17:14.064317	0:58:31.737573	0.055580949793090986	0.25630109296828696	0.9827699999999999	0.9221047104710471					0.05605805917259525	0.2629453931239587	0.9827	0.9203920392039204	0-1-4356	2355419538	ResNet18	
0.01	16	airplane	automobile	automobile	1.4817004278302193	0.25			0.25571584701538086	signAdam	250	similarity	0.1	0	0	0	randn	512	0	1	8	False	True	False	False	False		2	default	40	0.1	cross-entropy	8	True	1.0	58	4.051266515813768	0.0625			0.470315869897604	0.75			0:05:40.118149	0:16:52.183792	0:52:34.169965	0.056647759445411776	0.2576620545226468	0.982625	0.9212296229622963					0.07138759120250754	0.2667504549498045	0.97704	0.9154915491549155	0-1-4968	1224601051	ResNet18	
0.01	16	airplane	automobile	automobile	0.0009288871918897712	1.0			0.235512375831604	signAdam	250	similarity	0.1	0	0	0	randn	512	0	1	8	False	True	False	False	False		2	default	40	0.1	cross-entropy	8	True	1.0	8	1.5622103075711635	0.625			9.45240318775177	0.0			1:44:55.098286	3:30:46.185227	18:59:22.761653	0.05920961705456866	0.2624382613273927	0.9816725000000001	0.9192544254425443					0.054251376191711484	0.24750067359661754	0.98338	0.9260926092609261	0-1-8476	78067390	ResNet18	
0.01	16	airplane	automobile	automobile	0.08704464096808806	1.0			0.21523261070251465	signAdam	250	similarity	0.1	0	0	0	randn	512	0	1	8	False	True	False	False	False		2	default	40	0.1	cross-entropy	8	True	1.0	59	3.00772036518174	0.4375			4.075656414031982	0.0			0:05:47.328384	0:17:26.381370	0:53:11.342717	0.05862279169504409	0.25712125996552126	0.9819075	0.9204170417041704					0.055870098149989875	0.2555035328186011	0.98326	0.9197919791979198	0-1-5055	2973582341	ResNet18	
0.01	16	airplane	automobile	automobile	2.3916519335471094	0.125			0.2527450919151306	signAdam	250	similarity	0.1	0	0	0	randn	512	0	1	8	False	True	False	False	False		2	default	40	0.1	cross-entropy	8	True	1.0	43	3.370468600851018	0.0625			0.6201125618536025	0.875			0:06:01.416982	0:15:51.672427	0:55:52.472378	0.05825318029517179	0.2605024970525616	0.98221	0.9193669366936694					0.04886507872215775	0.2377466057674794	0.98534	0.9287928792879288	0-1-1646	281578001	ResNet18	
0.01	16	airplane	automobile	automobile	5.230361789464951	0.0			0.24506711959838867	signAdam	250	similarity	0.1	0	0	0	randn	512	0	1	8	False	True	False	False	False		2	default	40	0.1	cross-entropy	8	True	1.0	42	5.988286720961332	0.0			0.03633264303789474	1.0			0:05:46.067848	0:18:19.147159	0:51:37.727715	0.05609509287282343	0.2557459503317936	0.9828475000000001	0.9214296429642964					0.0502376359842165	0.25933549996418287	0.98466	0.9238923892389239	0-1-1018	124696720	ResNet18	
0.01	16	airplane	automobile	automobile	4.378185233101249	0.25			0.2878643870353699	signAdam	250	similarity	0.1	0	0	0	randn	512	0	1	8	False	True	False	False	False		2	default	40	0.1	cross-entropy	8	True	1.0	60	5.221339338552207	0.125			0.43840141844702885	0.75			0:06:07.948967	0:16:55.952297	0:55:53.080504	0.05821165973660024	0.2609988768714704	0.981825	0.9202045204520453					0.06214818613284537	0.25962748199324065	0.98112	0.9198919891989199	0-1-5260	168256831	ResNet18	
