yt,yp,test_ds_index,dps,mode_label_excluding_yp,mode_count_excluding_yp,M,N
0,1,5223,1.0000000000,0,320,8,40
0,1,584,0.9968750000,0,319,8,40
0,1,3568,0.9937500000,0,318,8,40
0,1,4356,0.9937500000,0,318,8,40
0,1,4953,0.9937500000,0,318,8,40
0,1,5260,0.9937500000,0,318,8,40
0,1,7774,0.9937500000,0,318,8,40
0,1,7987,0.9937500000,0,318,8,40
0,1,1719,0.9906250000,0,317,8,40
0,1,1725,0.9906250000,0,317,8,40
0,1,5124,0.9906250000,0,317,8,40
0,1,8210,0.9906250000,0,317,8,40
0,1,8358,0.9906250000,0,317,8,40
0,1,1161,0.9875000000,0,316,8,40
0,1,2341,0.9875000000,0,316,8,40
0,1,2715,0.9875000000,0,316,8,40
0,1,3499,0.9875000000,0,316,8,40
0,1,4056,0.9875000000,0,316,8,40
0,1,4328,0.9875000000,0,316,8,40
0,1,7698,0.9875000000,0,316,8,40
0,1,9256,0.9875000000,0,316,8,40
0,1,9931,0.9875000000,0,316,8,40
0,1,868,0.9843750000,0,315,8,40
0,1,1295,0.9843750000,0,315,8,40
0,1,2113,0.9843750000,0,315,8,40
0,1,2370,0.9843750000,0,315,8,40
0,1,2749,0.9843750000,0,315,8,40
0,1,3445,0.9843750000,0,315,8,40
0,1,5788,0.9843750000,0,315,8,40
0,1,6363,0.9843750000,0,315,8,40
0,1,8829,0.9843750000,0,315,8,40
0,1,9890,0.9843750000,0,315,8,40
0,1,9946,0.9843750000,0,315,8,40
0,1,791,0.9812500000,0,314,8,40
0,1,1067,0.9812500000,0,314,8,40
0,1,1077,0.9812500000,0,314,8,40
0,1,3740,0.9812500000,0,314,8,40
0,1,4802,0.9812500000,0,314,8,40
0,1,4809,0.9812500000,0,314,8,40
0,1,7652,0.9812500000,0,314,8,40
0,1,7701,0.9812500000,0,314,8,40
0,1,9086,0.9812500000,0,314,8,40
0,1,975,0.9781250000,0,313,8,40
0,1,2040,0.9781250000,0,313,8,40
0,1,2249,0.9781250000,0,313,8,40
0,1,2569,0.9781250000,0,313,8,40
0,1,2833,0.9781250000,0,313,8,40
0,1,2913,0.9781250000,0,313,8,40
0,1,3992,0.9781250000,0,313,8,40
0,1,4340,0.9781250000,0,313,8,40
0,1,4591,0.9781250000,0,313,8,40
0,1,5021,0.9781250000,0,313,8,40
0,1,5055,0.9781250000,0,313,8,40
0,1,7434,0.9781250000,0,313,8,40
0,1,7692,0.9781250000,0,313,8,40
0,1,7718,0.9781250000,0,313,8,40
0,1,8017,0.9781250000,0,313,8,40
0,1,8819,0.9781250000,0,313,8,40
0,1,9181,0.9781250000,0,313,8,40
0,1,235,0.9750000000,0,312,8,40
0,1,1819,0.9750000000,0,312,8,40
0,1,2109,0.9750000000,0,312,8,40
0,1,2979,0.9750000000,0,312,8,40
0,1,4824,0.9750000000,0,312,8,40
0,1,4854,0.9750000000,0,312,8,40
0,1,5036,0.9750000000,0,312,8,40
0,1,5587,0.9750000000,0,312,8,40
0,1,5951,0.9750000000,0,312,8,40
0,1,6663,0.9750000000,0,312,8,40
0,1,6676,0.9750000000,0,312,8,40
0,1,7696,0.9750000000,0,312,8,40
0,1,7838,0.9750000000,0,312,8,40
0,1,7925,0.9750000000,0,312,8,40
0,1,9008,0.9750000000,0,312,8,40
0,1,9111,0.9750000000,0,312,8,40
0,1,560,0.9718750000,0,311,8,40
0,1,1712,0.9718750000,0,311,8,40
0,1,1903,0.9718750000,0,311,8,40
0,1,2411,0.9718750000,0,311,8,40
0,1,2680,0.9718750000,0,311,8,40
0,1,2792,0.9718750000,0,311,8,40
0,1,3971,0.9718750000,0,311,8,40
0,1,4153,0.9718750000,0,311,8,40
0,1,4305,0.9718750000,0,311,8,40
0,1,4759,0.9718750000,0,311,8,40
0,1,5255,0.9718750000,0,311,8,40
0,1,6328,0.9718750000,0,311,8,40
0,1,6797,0.9718750000,0,311,8,40
0,1,7034,0.9718750000,0,311,8,40
0,1,7428,0.9718750000,0,311,8,40
0,1,7811,0.9718750000,0,311,8,40
0,1,9124,0.9718750000,0,311,8,40
0,1,9182,0.9718750000,0,311,8,40
0,1,9558,0.9718750000,0,311,8,40
0,1,9904,0.9718750000,0,311,8,40
0,1,2373,0.9687500000,0,310,8,40
0,1,3955,0.9687500000,0,310,8,40
0,1,4113,0.9687500000,0,310,8,40
0,1,4194,0.9687500000,0,310,8,40
0,1,4295,0.9687500000,0,310,8,40
0,1,4426,0.9687500000,0,310,8,40
0,1,4461,0.9687500000,0,310,8,40
0,1,4515,0.9687500000,0,310,8,40
0,1,5382,0.9687500000,0,310,8,40
0,1,6618,0.9687500000,0,310,8,40
0,1,6815,0.9687500000,0,310,8,40
0,1,7139,0.9687500000,0,310,8,40
0,1,7683,0.9687500000,0,310,8,40
0,1,7733,0.9687500000,0,310,8,40
0,1,7748,0.9687500000,0,310,8,40
0,1,9469,0.9687500000,0,310,8,40
0,1,9473,0.9687500000,0,310,8,40
0,1,944,0.9656250000,0,309,8,40
0,1,1694,0.9656250000,0,309,8,40
0,1,2344,0.9656250000,0,309,8,40
0,1,3261,0.9656250000,0,309,8,40
0,1,4037,0.9656250000,0,309,8,40
0,1,4557,0.9656250000,0,309,8,40
0,1,4701,0.9656250000,0,309,8,40
0,1,6128,0.9656250000,0,309,8,40
0,1,6304,0.9656250000,0,309,8,40
0,1,6508,0.9656250000,0,309,8,40
0,1,6583,0.9656250000,0,309,8,40
0,1,6884,0.9656250000,0,309,8,40
0,1,8121,0.9656250000,0,309,8,40
0,1,8643,0.9656250000,0,309,8,40
0,1,8769,0.9656250000,0,309,8,40
0,1,9326,0.9656250000,0,309,8,40
0,1,9413,0.9656250000,0,309,8,40
0,1,9577,0.9656250000,0,309,8,40
0,1,9695,0.9656250000,0,309,8,40
0,1,9826,0.9656250000,0,309,8,40
0,1,90,0.9625000000,0,308,8,40
0,1,527,0.9625000000,0,308,8,40
0,1,667,0.9625000000,0,308,8,40
0,1,946,0.9625000000,0,308,8,40
0,1,1188,0.9625000000,0,308,8,40
0,1,1210,0.9625000000,0,308,8,40
0,1,1726,0.9625000000,0,308,8,40
0,1,1760,0.9625000000,0,308,8,40
0,1,1879,0.9625000000,0,308,8,40
0,1,2241,0.9625000000,0,308,8,40
0,1,5256,0.9625000000,0,308,8,40
0,1,5491,0.9625000000,0,308,8,40
0,1,5543,0.9625000000,0,308,8,40
0,1,6548,0.9625000000,0,308,8,40
0,1,7354,0.9625000000,0,308,8,40
0,1,7681,0.9625000000,0,308,8,40
0,1,8537,0.9625000000,0,308,8,40
0,1,8543,0.9625000000,0,308,8,40
0,1,9354,0.9625000000,0,308,8,40
0,1,1652,0.9593750000,0,307,8,40
0,1,2124,0.9593750000,0,307,8,40
0,1,2674,0.9593750000,0,307,8,40
0,1,3294,0.9593750000,0,307,8,40
0,1,4666,0.9593750000,0,307,8,40
0,1,5253,0.9593750000,0,307,8,40
0,1,5452,0.9593750000,0,307,8,40
0,1,5583,0.9593750000,0,307,8,40
0,1,5584,0.9593750000,0,307,8,40
0,1,6047,0.9593750000,0,307,8,40
0,1,6091,0.9593750000,0,307,8,40
0,1,6105,0.9593750000,0,307,8,40
0,1,6775,0.9593750000,0,307,8,40
0,1,8230,0.9593750000,0,307,8,40
0,1,8777,0.9593750000,0,307,8,40
0,1,8935,0.9593750000,0,307,8,40
0,1,9045,0.9593750000,0,307,8,40
0,1,9499,0.9593750000,0,307,8,40
0,1,778,0.9562500000,0,306,8,40
0,1,2857,0.9562500000,0,306,8,40
0,1,4102,0.9562500000,0,306,8,40
0,1,4415,0.9562500000,0,306,8,40
0,1,5735,0.9562500000,0,306,8,40
0,1,6055,0.9562500000,0,306,8,40
0,1,6347,0.9562500000,0,306,8,40
0,1,6476,0.9562500000,0,306,8,40
0,1,6648,0.9562500000,0,306,8,40
0,1,7533,0.9562500000,0,306,8,40
0,1,7836,0.9562500000,0,306,8,40
0,1,8185,0.9562500000,0,306,8,40
0,1,9272,0.9562500000,0,306,8,40
0,1,423,0.9531250000,0,305,8,40
0,1,841,0.9531250000,0,305,8,40
0,1,864,0.9531250000,0,305,8,40
0,1,1744,0.9531250000,0,305,8,40
0,1,4104,0.9531250000,0,305,8,40
0,1,4162,0.9531250000,0,305,8,40
0,1,5065,0.9531250000,0,305,8,40
0,1,5160,0.9531250000,0,305,8,40
0,1,6712,0.9531250000,0,305,8,40
0,1,7115,0.9531250000,0,305,8,40
0,1,8163,0.9531250000,0,305,8,40
0,1,8895,0.9531250000,0,305,8,40
0,1,9980,0.9531250000,0,305,8,40
0,1,1072,0.9500000000,8,304,8,40
0,1,1705,0.9500000000,0,304,8,40
0,1,1949,0.9500000000,0,304,8,40
0,1,3866,0.9500000000,0,304,8,40
0,1,3943,0.9500000000,0,304,8,40
0,1,5225,0.9500000000,0,304,8,40
0,1,9912,0.9500000000,0,304,8,40
0,1,9951,0.9500000000,0,304,8,40
0,1,822,0.9468750000,0,303,8,40
0,1,4040,0.9468750000,0,303,8,40
0,1,4968,0.9468750000,0,303,8,40
0,1,5164,0.9468750000,0,303,8,40
0,1,5357,0.9468750000,0,303,8,40
0,1,6081,0.9468750000,0,303,8,40
0,1,7069,0.9468750000,0,303,8,40
0,1,9533,0.9468750000,0,303,8,40
0,1,9802,0.9468750000,0,303,8,40
0,1,406,0.9437500000,0,302,8,40
0,1,1103,0.9437500000,0,302,8,40
0,1,2122,0.9437500000,0,302,8,40
0,1,6601,0.9437500000,0,302,8,40
0,1,7209,0.9437500000,0,302,8,40
0,1,7240,0.9437500000,0,302,8,40
0,1,7523,0.9437500000,0,302,8,40
0,1,7616,0.9437500000,0,302,8,40
0,1,8031,0.9437500000,0,302,8,40
0,1,8402,0.9437500000,0,302,8,40
0,1,8970,0.9437500000,0,302,8,40
0,1,244,0.9406250000,0,301,8,40
0,1,1010,0.9406250000,0,301,8,40
0,1,3823,0.9406250000,0,301,8,40
0,1,7851,0.9406250000,0,301,8,40
0,1,8851,0.9406250000,0,301,8,40
0,1,9172,0.9406250000,0,301,8,40
0,1,9565,0.9406250000,0,301,8,40
0,1,1152,0.9375000000,0,300,8,40
0,1,1463,0.9375000000,0,300,8,40
0,1,2257,0.9375000000,0,300,8,40
0,1,2614,0.9375000000,0,300,8,40
0,1,3651,0.9375000000,0,300,8,40
0,1,5027,0.9375000000,0,300,8,40
0,1,5475,0.9375000000,0,300,8,40
0,1,5707,0.9375000000,0,300,8,40
0,1,5804,0.9375000000,0,300,8,40
0,1,6069,0.9375000000,0,300,8,40
0,1,6221,0.9375000000,0,300,8,40
0,1,6306,0.9375000000,0,300,8,40
0,1,8064,0.9375000000,0,300,8,40
0,1,8812,0.9375000000,0,300,8,40
0,1,9151,0.9375000000,0,300,8,40
0,1,1090,0.9343750000,0,299,8,40
0,1,2077,0.9343750000,0,299,8,40
0,1,2160,0.9343750000,0,299,8,40
0,1,2400,0.9343750000,0,299,8,40
0,1,3024,0.9343750000,0,299,8,40
0,1,3548,0.9343750000,0,299,8,40
0,1,3825,0.9343750000,0,299,8,40
0,1,4181,0.9343750000,0,299,8,40
0,1,4817,0.9343750000,0,299,8,40
0,1,5844,0.9343750000,0,299,8,40
0,1,6350,0.9343750000,0,299,8,40
0,1,7863,0.9343750000,0,299,8,40
0,1,9495,0.9343750000,0,299,8,40
0,1,9642,0.9343750000,0,299,8,40
0,1,116,0.9312500000,0,298,8,40
0,1,276,0.9312500000,0,298,8,40
0,1,914,0.9312500000,0,298,8,40
0,1,1664,0.9312500000,0,298,8,40
0,1,2330,0.9312500000,0,298,8,40
0,1,4726,0.9312500000,0,298,8,40
0,1,5259,0.9312500000,0,298,8,40
0,1,5827,0.9312500000,0,298,8,40
0,1,5948,0.9312500000,0,298,8,40
0,1,6003,0.9312500000,0,298,8,40
0,1,6885,0.9312500000,0,298,8,40
0,1,8909,0.9312500000,0,298,8,40
0,1,9700,0.9312500000,0,298,8,40
0,1,9747,0.9312500000,0,298,8,40
0,1,382,0.9281250000,0,297,8,40
0,1,1365,0.9281250000,0,297,8,40
0,1,3483,0.9281250000,0,297,8,40
0,1,3536,0.9281250000,0,297,8,40
0,1,4374,0.9281250000,0,297,8,40
0,1,5126,0.9281250000,0,297,8,40
0,1,5880,0.9281250000,0,297,8,40
0,1,6351,0.9281250000,0,297,8,40
0,1,6996,0.9281250000,0,297,8,40
0,1,7164,0.9281250000,0,297,8,40
0,1,7178,0.9281250000,0,297,8,40
0,1,7511,0.9281250000,0,297,8,40
0,1,9664,0.9281250000,0,297,8,40
0,1,111,0.9250000000,0,296,8,40
0,1,4028,0.9250000000,0,296,8,40
0,1,4558,0.9250000000,0,296,8,40
0,1,6450,0.9250000000,0,296,8,40
0,1,7477,0.9250000000,0,296,8,40
0,1,8008,0.9250000000,0,296,8,40
0,1,8790,0.9250000000,0,296,8,40
0,1,9075,0.9250000000,0,296,8,40
0,1,9196,0.9250000000,0,296,8,40
0,1,9847,0.9250000000,0,296,8,40
0,1,297,0.9218750000,0,295,8,40
0,1,854,0.9218750000,0,295,8,40
0,1,1646,0.9218750000,0,295,8,40
0,1,2185,0.9218750000,0,295,8,40
0,1,2724,0.9218750000,0,295,8,40
0,1,6057,0.9218750000,0,295,8,40
0,1,6247,0.9218750000,0,295,8,40
0,1,8265,0.9218750000,0,295,8,40
0,1,8638,0.9218750000,0,295,8,40
0,1,8795,0.9218750000,0,295,8,40
0,1,8856,0.9218750000,0,295,8,40
0,1,1579,0.9187500000,0,294,8,40
0,1,2388,0.9187500000,0,294,8,40
0,1,4123,0.9187500000,0,294,8,40
0,1,4474,0.9187500000,0,294,8,40
0,1,5652,0.9187500000,0,294,8,40
0,1,6331,0.9187500000,0,294,8,40
0,1,7031,0.9187500000,0,294,8,40
0,1,7154,0.9187500000,0,294,8,40
0,1,8925,0.9187500000,0,294,8,40
0,1,9544,0.9187500000,0,294,8,40
0,1,2041,0.9156250000,0,293,8,40
0,1,4771,0.9156250000,0,293,8,40
0,1,5091,0.9156250000,0,293,8,40
0,1,5173,0.9156250000,0,293,8,40
0,1,6222,0.9156250000,0,293,8,40
0,1,7994,0.9156250000,0,293,8,40
0,1,1078,0.9125000000,0,292,8,40
0,1,1875,0.9125000000,0,292,8,40
0,1,2594,0.9125000000,0,292,8,40
0,1,3164,0.9125000000,2,292,8,40
0,1,6036,0.9125000000,0,292,8,40
0,1,6320,0.9125000000,0,292,8,40
0,1,6644,0.9125000000,0,292,8,40
0,1,7077,0.9125000000,0,292,8,40
0,1,8061,0.9125000000,0,292,8,40
0,1,9235,0.9125000000,0,292,8,40
0,1,9724,0.9125000000,0,292,8,40
0,1,9766,0.9125000000,0,292,8,40
0,1,257,0.9093750000,0,291,8,40
0,1,496,0.9093750000,0,291,8,40
0,1,1022,0.9093750000,0,291,8,40
0,1,1851,0.9093750000,0,291,8,40
0,1,3248,0.9093750000,0,291,8,40
0,1,7096,0.9093750000,0,291,8,40
0,1,7835,0.9093750000,0,291,8,40
0,1,7850,0.9093750000,0,291,8,40
0,1,8024,0.9093750000,0,291,8,40
0,1,8063,0.9093750000,0,291,8,40
0,1,8993,0.9093750000,9,291,8,40
0,1,9333,0.9093750000,0,291,8,40
0,1,9822,0.9093750000,0,291,8,40
0,1,1310,0.9062500000,0,290,8,40
0,1,2678,0.9062500000,0,290,8,40
0,1,3441,0.9062500000,0,290,8,40
0,1,6650,0.9062500000,0,290,8,40
0,1,6923,0.9062500000,0,290,8,40
0,1,7102,0.9062500000,0,290,8,40
0,1,7544,0.9062500000,0,290,8,40
0,1,8483,0.9062500000,0,290,8,40
0,1,8572,0.9062500000,0,290,8,40
0,1,447,0.9031250000,0,289,8,40
0,1,4219,0.9031250000,0,289,8,40
0,1,4226,0.9031250000,0,289,8,40
0,1,4308,0.9031250000,0,289,8,40
0,1,5190,0.9031250000,0,289,8,40
0,1,5293,0.9031250000,0,289,8,40
0,1,6187,0.9031250000,0,289,8,40
0,1,489,0.9000000000,0,288,8,40
0,1,522,0.9000000000,0,288,8,40
0,1,919,0.9000000000,0,288,8,40
0,1,1001,0.9000000000,0,288,8,40
0,1,1596,0.9000000000,0,288,8,40
0,1,1796,0.9000000000,0,288,8,40
0,1,2548,0.9000000000,0,288,8,40
0,1,3100,0.9000000000,0,288,8,40
0,1,3399,0.9000000000,0,288,8,40
0,1,3650,0.9000000000,0,288,8,40
0,1,4840,0.9000000000,0,288,8,40
0,1,4909,0.9000000000,0,288,8,40
0,1,7018,0.9000000000,0,288,8,40
0,1,9991,0.9000000000,0,288,8,40
0,1,98,0.8968750000,0,287,8,40
0,1,1197,0.8968750000,0,287,8,40
0,1,1617,0.8968750000,0,287,8,40
0,1,2079,0.8968750000,0,287,8,40
0,1,3048,0.8968750000,0,287,8,40
0,1,3184,0.8968750000,0,287,8,40
0,1,4673,0.8968750000,0,287,8,40
0,1,9017,0.8968750000,0,287,8,40
0,1,3111,0.8937500000,0,286,8,40
0,1,4349,0.8937500000,0,286,8,40
0,1,5043,0.8937500000,0,286,8,40
0,1,7869,0.8937500000,0,286,8,40
0,1,8800,0.8937500000,0,286,8,40
0,1,8894,0.8937500000,0,286,8,40
0,1,8903,0.8937500000,0,286,8,40
0,1,9482,0.8937500000,0,286,8,40
0,1,1912,0.8906250000,0,285,8,40
0,1,3112,0.8906250000,0,285,8,40
0,1,3467,0.8906250000,0,285,8,40
0,1,3660,0.8906250000,0,285,8,40
0,1,5891,0.8906250000,0,285,8,40
0,1,6082,0.8906250000,0,285,8,40
0,1,7189,0.8906250000,0,285,8,40
0,1,2375,0.8875000000,0,284,8,40
0,1,3965,0.8875000000,0,284,8,40
0,1,4171,0.8875000000,0,284,8,40
0,1,5524,0.8875000000,0,284,8,40
0,1,5585,0.8875000000,0,284,8,40
0,1,7315,0.8875000000,0,284,8,40
0,1,7990,0.8875000000,0,284,8,40
0,1,9987,0.8875000000,0,284,8,40
0,1,315,0.8843750000,0,283,8,40
0,1,499,0.8843750000,0,283,8,40
0,1,2877,0.8843750000,0,283,8,40
0,1,5860,0.8843750000,0,283,8,40
0,1,6629,0.8843750000,0,283,8,40
0,1,8485,0.8843750000,0,283,8,40
0,1,9561,0.8843750000,0,283,8,40
0,1,3672,0.8812500000,0,282,8,40
0,1,3845,0.8812500000,0,282,8,40
0,1,6418,0.8812500000,0,282,8,40
0,1,8415,0.8812500000,0,282,8,40
0,1,1018,0.8781250000,0,281,8,40
0,1,2368,0.8781250000,0,281,8,40
0,1,4939,0.8781250000,0,281,8,40
0,1,6864,0.8781250000,0,281,8,40
0,1,1237,0.8750000000,0,280,8,40
0,1,1686,0.8750000000,0,280,8,40
0,1,4586,0.8750000000,0,280,8,40
0,1,4763,0.8750000000,0,280,8,40
0,1,7347,0.8750000000,0,280,8,40
0,1,7880,0.8750000000,0,280,8,40
0,1,8496,0.8750000000,0,280,8,40
0,1,9052,0.8750000000,0,280,8,40
0,1,180,0.8718750000,0,279,8,40
0,1,206,0.8718750000,0,279,8,40
0,1,2058,0.8718750000,8,279,8,40
0,1,3426,0.8718750000,0,279,8,40
0,1,5189,0.8718750000,0,279,8,40
0,1,6241,0.8718750000,0,279,8,40
0,1,9024,0.8718750000,0,279,8,40
0,1,9271,0.8718750000,0,279,8,40
0,1,9888,0.8718750000,0,279,8,40
0,1,398,0.8687500000,0,278,8,40
0,1,774,0.8687500000,0,278,8,40
0,1,1789,0.8687500000,0,278,8,40
0,1,3897,0.8687500000,0,278,8,40
0,1,4216,0.8687500000,0,278,8,40
0,1,4901,0.8687500000,0,278,8,40
0,1,4937,0.8687500000,0,278,8,40
0,1,8293,0.8687500000,0,278,8,40
0,1,8964,0.8687500000,0,278,8,40
0,1,338,0.8656250000,0,277,8,40
0,1,1446,0.8656250000,0,277,8,40
0,1,1735,0.8656250000,0,277,8,40
0,1,2973,0.8656250000,0,277,8,40
0,1,6258,0.8656250000,0,277,8,40
0,1,6355,0.8656250000,0,277,8,40
0,1,7196,0.8656250000,0,277,8,40
0,1,9656,0.8656250000,0,277,8,40
0,1,4202,0.8625000000,0,276,8,40
0,1,7871,0.8625000000,0,276,8,40
0,1,9852,0.8625000000,0,276,8,40
0,1,602,0.8593750000,0,275,8,40
0,1,4269,0.8593750000,0,275,8,40
0,1,4991,0.8593750000,0,275,8,40
0,1,5569,0.8593750000,0,275,8,40
0,1,6191,0.8593750000,0,275,8,40
0,1,6860,0.8593750000,0,275,8,40
0,1,7010,0.8593750000,0,275,8,40
0,1,5437,0.8562500000,0,274,8,40
0,1,6462,0.8562500000,0,274,8,40
0,1,7103,0.8562500000,0,274,8,40
0,1,8471,0.8562500000,8,274,8,40
0,1,8991,0.8562500000,0,274,8,40
0,1,1052,0.8531250000,0,273,8,40
0,1,1183,0.8531250000,0,273,8,40
0,1,3679,0.8531250000,0,273,8,40
0,1,5224,0.8531250000,0,273,8,40
0,1,7116,0.8531250000,0,273,8,40
0,1,7800,0.8531250000,0,273,8,40
0,1,9031,0.8531250000,0,273,8,40
0,1,179,0.8500000000,0,272,8,40
0,1,7165,0.8500000000,0,272,8,40
0,1,9046,0.8500000000,0,272,8,40
0,1,1965,0.8468750000,0,271,8,40
0,1,2302,0.8468750000,0,271,8,40
0,1,4922,0.8468750000,0,271,8,40
0,1,5762,0.8468750000,0,271,8,40
0,1,6653,0.8468750000,2,271,8,40
0,1,6696,0.8468750000,0,271,8,40
0,1,7742,0.8468750000,0,271,8,40
0,1,9356,0.8468750000,0,271,8,40
0,1,1027,0.8437500000,0,270,8,40
0,1,1748,0.8437500000,0,270,8,40
0,1,9097,0.8437500000,0,270,8,40
0,1,473,0.8406250000,0,269,8,40
0,1,2136,0.8406250000,9,269,8,40
0,1,4373,0.8406250000,0,269,8,40
0,1,5395,0.8406250000,0,269,8,40
0,1,6022,0.8406250000,0,269,8,40
0,1,8961,0.8406250000,0,269,8,40
0,1,9021,0.8406250000,0,269,8,40
0,1,298,0.8375000000,0,268,8,40
0,1,2812,0.8375000000,0,268,8,40
0,1,3050,0.8375000000,0,268,8,40
0,1,3117,0.8375000000,0,268,8,40
0,1,4355,0.8375000000,3,268,8,40
0,1,6851,0.8375000000,0,268,8,40
0,1,6966,0.8375000000,0,268,8,40
0,1,6985,0.8375000000,8,268,8,40
0,1,3,0.8343750000,0,267,8,40
0,1,1973,0.8343750000,0,267,8,40
0,1,2628,0.8343750000,0,267,8,40
0,1,3847,0.8343750000,0,267,8,40
0,1,4228,0.8343750000,0,267,8,40
0,1,6302,0.8343750000,0,267,8,40
0,1,6408,0.8343750000,0,267,8,40
0,1,8592,0.8343750000,0,267,8,40
0,1,885,0.8312500000,0,266,8,40
0,1,2298,0.8312500000,0,266,8,40
0,1,2668,0.8312500000,0,266,8,40
0,1,2909,0.8312500000,0,266,8,40
0,1,2968,0.8312500000,0,266,8,40
0,1,5798,0.8312500000,0,266,8,40
0,1,6621,0.8312500000,0,266,8,40
0,1,6738,0.8312500000,0,266,8,40
0,1,8043,0.8312500000,0,266,8,40
0,1,883,0.8281250000,0,265,8,40
0,1,1076,0.8281250000,0,265,8,40
0,1,1165,0.8281250000,0,265,8,40
0,1,2461,0.8281250000,0,265,8,40
0,1,6739,0.8281250000,0,265,8,40
0,1,7246,0.8281250000,2,265,8,40
0,1,7594,0.8281250000,0,265,8,40
0,1,9459,0.8281250000,0,265,8,40
0,1,359,0.8250000000,0,264,8,40
0,1,742,0.8250000000,0,264,8,40
0,1,814,0.8250000000,0,264,8,40
0,1,3302,0.8250000000,0,264,8,40
0,1,4453,0.8250000000,0,264,8,40
0,1,7960,0.8250000000,0,264,8,40
0,1,9860,0.8250000000,0,264,8,40
0,1,2379,0.8218750000,8,263,8,40
0,1,7038,0.8218750000,0,263,8,40
0,1,9483,0.8218750000,0,263,8,40
0,1,1409,0.8187500000,0,262,8,40
0,1,3903,0.8187500000,0,262,8,40
0,1,5295,0.8187500000,0,262,8,40
0,1,847,0.8156250000,0,261,8,40
0,1,2507,0.8156250000,0,261,8,40
0,1,2879,0.8156250000,0,261,8,40
0,1,6480,0.8156250000,0,261,8,40
0,1,7289,0.8156250000,0,261,8,40
0,1,9772,0.8156250000,0,261,8,40
0,1,2166,0.8125000000,0,260,8,40
0,1,3551,0.8125000000,0,260,8,40
0,1,4419,0.8125000000,0,260,8,40
0,1,5454,0.8125000000,0,260,8,40
0,1,7454,0.8125000000,0,260,8,40
0,1,1514,0.8093750000,0,259,8,40
0,1,7754,0.8093750000,0,259,8,40
0,1,8554,0.8093750000,0,259,8,40
0,1,2322,0.8062500000,0,258,8,40
0,1,5997,0.8062500000,0,258,8,40
0,1,6660,0.8062500000,0,258,8,40
0,1,9956,0.8062500000,0,258,8,40
0,1,284,0.8031250000,9,257,8,40
0,1,4167,0.8031250000,0,257,8,40
0,1,4192,0.8031250000,0,257,8,40
0,1,5220,0.8031250000,0,257,8,40
0,1,9539,0.8031250000,0,257,8,40
0,1,1776,0.8000000000,0,256,8,40
0,1,2264,0.8000000000,0,256,8,40
0,1,4187,0.8000000000,0,256,8,40
0,1,7737,0.8000000000,0,256,8,40
0,1,7877,0.8000000000,0,256,8,40
0,1,1714,0.7968750000,0,255,8,40
0,1,3338,0.7968750000,0,255,8,40
0,1,6434,0.7968750000,8,255,8,40
0,1,6717,0.7968750000,0,255,8,40
0,1,9048,0.7968750000,9,255,8,40
0,1,2956,0.7937500000,0,254,8,40
0,1,4118,0.7937500000,0,254,8,40
0,1,7419,0.7937500000,0,254,8,40
0,1,8197,0.7937500000,8,254,8,40
0,1,9872,0.7937500000,0,254,8,40
0,1,1461,0.7906250000,0,253,8,40
0,1,1555,0.7906250000,0,253,8,40
0,1,2679,0.7906250000,0,253,8,40
0,1,9515,0.7906250000,9,253,8,40
0,1,929,0.7875000000,0,252,8,40
0,1,1568,0.7875000000,0,252,8,40
0,1,3070,0.7875000000,0,252,8,40
0,1,3493,0.7875000000,0,252,8,40
0,1,6118,0.7875000000,0,252,8,40
0,1,7148,0.7875000000,0,252,8,40
0,1,1926,0.7843750000,0,251,8,40
0,1,6133,0.7843750000,0,251,8,40
0,1,154,0.7812500000,0,250,8,40
0,1,3396,0.7812500000,0,250,8,40
0,1,7356,0.7812500000,0,250,8,40
0,1,7373,0.7812500000,0,250,8,40
0,1,7436,0.7812500000,0,250,8,40
0,1,8743,0.7812500000,8,250,8,40
0,1,763,0.7781250000,0,249,8,40
0,1,2783,0.7781250000,0,249,8,40
0,1,2951,0.7781250000,0,249,8,40
0,1,3421,0.7781250000,0,249,8,40
0,1,4780,0.7781250000,0,249,8,40
0,1,4784,0.7781250000,0,249,8,40
0,1,6824,0.7781250000,0,249,8,40
0,1,9818,0.7781250000,0,249,8,40
0,1,7541,0.7750000000,0,248,8,40
0,1,7560,0.7750000000,0,248,8,40
0,1,8492,0.7750000000,9,248,8,40
0,1,9512,0.7750000000,0,248,8,40
0,1,9608,0.7750000000,0,248,8,40
0,1,524,0.7718750000,0,247,8,40
0,1,1319,0.7718750000,0,247,8,40
0,1,3102,0.7718750000,0,247,8,40
0,1,9749,0.7718750000,0,247,8,40
0,1,1023,0.7687500000,0,246,8,40
0,1,2964,0.7687500000,0,246,8,40
0,1,258,0.7656250000,8,245,8,40
0,1,581,0.7656250000,0,245,8,40
0,1,1959,0.7656250000,0,245,8,40
0,1,8761,0.7656250000,0,245,8,40
0,1,153,0.7625000000,0,244,8,40
0,1,287,0.7625000000,8,244,8,40
0,1,6633,0.7625000000,0,244,8,40
0,1,1343,0.7593750000,0,243,8,40
0,1,1651,0.7593750000,0,243,8,40
0,1,3412,0.7593750000,0,243,8,40
0,1,8862,0.7593750000,0,243,8,40
0,1,8941,0.7593750000,0,243,8,40
0,1,2589,0.7562500000,0,242,8,40
0,1,2622,0.7562500000,0,242,8,40
0,1,5242,0.7562500000,0,242,8,40
0,1,6061,0.7562500000,0,242,8,40
0,1,1573,0.7531250000,0,241,8,40
0,1,9633,0.7531250000,0,241,8,40
0,1,281,0.7500000000,0,240,8,40
0,1,428,0.7500000000,6,240,8,40
0,1,2468,0.7500000000,0,240,8,40
0,1,3792,0.7500000000,0,240,8,40
0,1,5278,0.7500000000,0,240,8,40
0,1,6748,0.7500000000,2,240,8,40
0,1,9973,0.7500000000,0,240,8,40
0,1,97,0.7468750000,0,239,8,40
0,1,189,0.7468750000,8,239,8,40
0,1,1109,0.7468750000,0,239,8,40
0,1,1397,0.7468750000,0,239,8,40
0,1,2993,0.7468750000,0,239,8,40
0,1,4387,0.7468750000,0,239,8,40
0,1,5146,0.7468750000,0,239,8,40
0,1,5516,0.7468750000,0,239,8,40
0,1,6015,0.7468750000,0,239,8,40
0,1,8026,0.7468750000,0,239,8,40
0,1,27,0.7437500000,0,238,8,40
0,1,3475,0.7437500000,0,238,8,40
0,1,6877,0.7437500000,0,238,8,40
0,1,857,0.7406250000,0,237,8,40
0,1,1785,0.7406250000,0,237,8,40
0,1,2821,0.7406250000,0,237,8,40
0,1,5302,0.7406250000,0,237,8,40
0,1,1189,0.7375000000,0,236,8,40
0,1,4510,0.7375000000,0,236,8,40
0,1,8917,0.7375000000,0,236,8,40
0,1,5374,0.7343750000,0,235,8,40
0,1,5462,0.7343750000,0,235,8,40
0,1,10,0.7312500000,0,234,8,40
0,1,3207,0.7312500000,0,234,8,40
0,1,6400,0.7312500000,0,234,8,40
0,1,6437,0.7312500000,0,234,8,40
0,1,2958,0.7281250000,8,233,8,40
0,1,3927,0.7281250000,0,233,8,40
0,1,6029,0.7281250000,0,233,8,40
0,1,6854,0.7281250000,0,233,8,40
0,1,8073,0.7281250000,0,233,8,40
0,1,9841,0.7281250000,0,233,8,40
0,1,255,0.7250000000,0,232,8,40
0,1,2095,0.7250000000,0,232,8,40
0,1,2782,0.7250000000,0,232,8,40
0,1,6623,0.7250000000,0,232,8,40
0,1,9954,0.7250000000,0,232,8,40
0,1,1718,0.7218750000,8,231,8,40
0,1,3608,0.7218750000,0,231,8,40
0,1,6436,0.7218750000,8,231,8,40
0,1,8884,0.7218750000,0,231,8,40
0,1,169,0.7187500000,0,230,8,40
0,1,642,0.7187500000,0,230,8,40
0,1,1932,0.7187500000,0,230,8,40
0,1,2892,0.7187500000,0,230,8,40
0,1,3278,0.7187500000,0,230,8,40
0,1,3782,0.7187500000,0,230,8,40
0,1,4667,0.7187500000,0,230,8,40
0,1,5721,0.7187500000,0,230,8,40
0,1,7607,0.7187500000,0,230,8,40
0,1,8590,0.7187500000,0,230,8,40
0,1,7138,0.7156250000,0,229,8,40
0,1,2130,0.7125000000,0,228,8,40
0,1,5339,0.7125000000,0,228,8,40
0,1,6361,0.7125000000,0,228,8,40
0,1,9208,0.7093750000,0,227,8,40
0,1,9685,0.7093750000,0,227,8,40
0,1,5806,0.7062500000,0,226,8,40
0,1,6812,0.7062500000,0,226,8,40
0,1,9392,0.7062500000,0,226,8,40
0,1,928,0.7031250000,0,225,8,40
0,1,2098,0.7031250000,0,225,8,40
0,1,5236,0.7031250000,0,225,8,40
0,1,8694,0.7031250000,0,225,8,40
0,1,1434,0.7000000000,0,224,8,40
0,1,7465,0.7000000000,0,224,8,40
0,1,3620,0.6968750000,0,223,8,40
0,1,9644,0.6968750000,0,223,8,40
0,1,3258,0.6937500000,0,222,8,40
0,1,4270,0.6937500000,0,222,8,40
0,1,4792,0.6937500000,4,222,8,40
0,1,7146,0.6937500000,0,222,8,40
0,1,9921,0.6937500000,0,222,8,40
0,1,2215,0.6906250000,0,221,8,40
0,1,3177,0.6906250000,0,221,8,40
0,1,8105,0.6906250000,0,221,8,40
0,1,9699,0.6906250000,9,221,8,40
0,1,9751,0.6906250000,0,221,8,40
0,1,5310,0.6875000000,0,220,8,40
0,1,6544,0.6875000000,0,220,8,40
0,1,3444,0.6843750000,0,219,8,40
0,1,3765,0.6843750000,0,219,8,40
0,1,9876,0.6843750000,0,219,8,40
0,1,9273,0.6812500000,0,218,8,40
0,1,2697,0.6781250000,0,217,8,40
0,1,4450,0.6750000000,0,216,8,40
0,1,5703,0.6750000000,0,216,8,40
0,1,7689,0.6750000000,0,216,8,40
0,1,2794,0.6718750000,0,215,8,40
0,1,4180,0.6656250000,0,213,8,40
0,1,989,0.6625000000,0,212,8,40
0,1,6394,0.6625000000,0,212,8,40
0,1,8156,0.6625000000,0,212,8,40
0,1,5013,0.6562500000,0,210,8,40
0,1,378,0.6531250000,8,209,8,40
0,1,9602,0.6531250000,0,209,8,40
0,1,2704,0.6500000000,0,208,8,40
0,1,192,0.6468750000,0,207,8,40
0,1,1440,0.6468750000,0,207,8,40
0,1,4062,0.6437500000,0,206,8,40
0,1,7453,0.6437500000,9,206,8,40
0,1,7929,0.6437500000,0,206,8,40
0,1,4126,0.6406250000,0,205,8,40
0,1,2587,0.6375000000,0,204,8,40
0,1,5716,0.6375000000,0,204,8,40
0,1,7648,0.6375000000,0,204,8,40
0,1,1026,0.6343750000,0,203,8,40
0,1,1902,0.6343750000,2,203,8,40
0,1,3425,0.6343750000,0,203,8,40
0,1,4287,0.6343750000,3,203,8,40
0,1,8047,0.6343750000,8,203,8,40
0,1,422,0.6312500000,8,202,8,40
0,1,2463,0.6312500000,0,202,8,40
0,1,5460,0.6312500000,0,202,8,40
0,1,539,0.6281250000,0,201,8,40
0,1,5722,0.6281250000,0,201,8,40
0,1,6799,0.6281250000,0,201,8,40
0,1,8960,0.6281250000,0,201,8,40
0,1,491,0.6250000000,0,200,8,40
0,1,5367,0.6250000000,0,200,8,40
0,1,3087,0.6218750000,0,199,8,40
0,1,2976,0.6187500000,0,198,8,40
0,1,4217,0.6187500000,0,198,8,40
0,1,4446,0.6187500000,0,198,8,40
0,1,4490,0.6187500000,0,198,8,40
0,1,6261,0.6187500000,2,198,8,40
0,1,7684,0.6187500000,0,198,8,40
0,1,264,0.6156250000,8,197,8,40
0,1,4686,0.6156250000,0,197,8,40
0,1,7803,0.6156250000,0,197,8,40
0,1,7632,0.6125000000,7,196,8,40
0,1,8267,0.6125000000,0,196,8,40
0,1,1266,0.6062500000,8,194,8,40
0,1,6494,0.6062500000,0,194,8,40
0,1,7645,0.6062500000,0,194,8,40
0,1,9262,0.6062500000,3,194,8,40
0,1,2672,0.6031250000,0,193,8,40
0,1,8351,0.6031250000,0,193,8,40
0,1,2110,0.6000000000,0,192,8,40
0,1,2102,0.5968750000,0,191,8,40
0,1,3511,0.5968750000,0,191,8,40
0,1,3680,0.5968750000,0,191,8,40
0,1,5669,0.5968750000,0,191,8,40
0,1,9144,0.5968750000,0,191,8,40
0,1,3211,0.5937500000,9,190,8,40
0,1,4081,0.5937500000,0,190,8,40
0,1,5618,0.5937500000,0,190,8,40
0,1,7809,0.5937500000,0,190,8,40
0,1,477,0.5906250000,0,189,8,40
0,1,5857,0.5906250000,0,189,8,40
0,1,6001,0.5906250000,0,189,8,40
0,1,8048,0.5906250000,0,189,8,40
0,1,2425,0.5875000000,0,188,8,40
0,1,2248,0.5843750000,0,187,8,40
0,1,3820,0.5843750000,0,187,8,40
0,1,7815,0.5843750000,8,187,8,40
0,1,6157,0.5812500000,4,186,8,40
0,1,6808,0.5812500000,8,186,8,40
0,1,9849,0.5812500000,2,186,8,40
0,1,7284,0.5781250000,0,185,8,40
0,1,9439,0.5781250000,0,185,8,40
0,1,2085,0.5750000000,0,184,8,40
0,1,2404,0.5750000000,0,184,8,40
0,1,8828,0.5750000000,6,184,8,40
0,1,2434,0.5718750000,0,183,8,40
0,1,8702,0.5718750000,0,183,8,40
0,1,3063,0.5656250000,2,181,8,40
0,1,3299,0.5656250000,4,181,8,40
0,1,5679,0.5656250000,0,181,8,40
0,1,4038,0.5625000000,9,180,8,40
0,1,8476,0.5625000000,4,180,8,40
0,1,8387,0.5593750000,0,179,8,40
0,1,912,0.5562500000,2,178,8,40
0,1,4470,0.5562500000,0,178,8,40
0,1,7843,0.5531250000,0,177,8,40
0,1,2091,0.5500000000,0,176,8,40
0,1,4367,0.5500000000,0,176,8,40
0,1,6588,0.5500000000,0,176,8,40
0,1,6821,0.5500000000,0,176,8,40
0,1,7513,0.5500000000,0,176,8,40
0,1,3148,0.5468750000,0,175,8,40
0,1,9484,0.5468750000,9,175,8,40
0,1,1823,0.5437500000,3,174,8,40
0,1,5354,0.5437500000,8,174,8,40
0,1,4004,0.5406250000,0,173,8,40
0,1,3429,0.5375000000,2,172,8,40
0,1,9507,0.5375000000,0,172,8,40
0,1,886,0.5343750000,0,171,8,40
0,1,3191,0.5343750000,0,171,8,40
0,1,8262,0.5343750000,0,171,8,40
0,1,21,0.5312500000,2,170,8,40
0,1,44,0.5312500000,0,170,8,40
0,1,5037,0.5312500000,0,170,8,40
0,1,5787,0.5312500000,3,170,8,40
0,1,8447,0.5281250000,0,169,8,40
0,1,352,0.5250000000,8,168,8,40
0,1,2087,0.5187500000,0,166,8,40
0,1,3601,0.5156250000,0,165,8,40
0,1,1203,0.5125000000,0,164,8,40
0,1,6077,0.5125000000,2,164,8,40
0,1,689,0.5093750000,6,163,8,40
0,1,956,0.5093750000,8,163,8,40
0,1,2490,0.5093750000,0,163,8,40
0,1,2717,0.5093750000,0,163,8,40
0,1,6294,0.5093750000,0,163,8,40
0,1,6772,0.5093750000,9,163,8,40
0,1,9248,0.5093750000,0,163,8,40
0,1,7257,0.5062500000,0,162,8,40
0,1,8825,0.5062500000,8,162,8,40
0,1,2966,0.5031250000,0,161,8,40
0,1,5093,0.5031250000,0,161,8,40
0,1,5995,0.5031250000,0,161,8,40
0,1,785,0.5000000000,8,160,8,40
0,1,5077,0.5000000000,2,160,8,40
0,1,9493,0.5000000000,0,160,8,40
0,1,9709,0.5000000000,0,160,8,40
0,1,6980,0.4968750000,0,159,8,40
0,1,5461,0.4937500000,0,158,8,40
0,1,7449,0.4937500000,2,158,8,40
0,1,5968,0.4906250000,0,157,8,40
0,1,1322,0.4875000000,0,156,8,40
0,1,2200,0.4875000000,2,156,8,40
0,1,4525,0.4875000000,0,156,8,40
0,1,6334,0.4875000000,2,156,8,40
0,1,2473,0.4843750000,8,155,8,40
0,1,7402,0.4843750000,0,155,8,40
0,1,7912,0.4843750000,0,155,8,40
0,1,8357,0.4843750000,6,155,8,40
0,1,3097,0.4812500000,7,154,8,40
0,1,125,0.4781250000,2,153,8,40
0,1,2603,0.4781250000,0,153,8,40
0,1,6180,0.4781250000,0,153,8,40
0,1,4294,0.4750000000,0,152,8,40
0,1,6574,0.4750000000,0,152,8,40
0,1,7900,0.4750000000,0,152,8,40
0,1,269,0.4718750000,0,151,8,40
0,1,3219,0.4718750000,0,151,8,40
0,1,7778,0.4687500000,6,150,8,40
0,1,8400,0.4687500000,0,150,8,40
0,1,3754,0.4656250000,0,149,8,40
0,1,7609,0.4656250000,9,149,8,40
0,1,9415,0.4656250000,4,149,8,40
0,1,1241,0.4625000000,0,148,8,40
0,1,1728,0.4625000000,0,148,8,40
0,1,9957,0.4625000000,0,148,8,40
0,1,5571,0.4593750000,0,147,8,40
0,1,8876,0.4593750000,0,147,8,40
0,1,3494,0.4562500000,9,146,8,40
0,1,4868,0.4562500000,2,146,8,40
0,1,6349,0.4531250000,0,145,8,40
0,1,7182,0.4531250000,8,145,8,40
0,1,8007,0.4531250000,6,145,8,40
0,1,9590,0.4531250000,0,145,8,40
0,1,3342,0.4500000000,0,144,8,40
0,1,3761,0.4500000000,0,144,8,40
0,1,215,0.4468750000,0,143,8,40
0,1,3005,0.4468750000,0,143,8,40
0,1,6619,0.4468750000,0,143,8,40
0,1,6872,0.4468750000,6,143,8,40
0,1,8529,0.4468750000,0,143,8,40
0,1,2681,0.4437500000,0,142,8,40
0,1,5649,0.4437500000,0,142,8,40
0,1,6146,0.4437500000,0,142,8,40
0,1,8666,0.4437500000,0,142,8,40
0,1,2324,0.4406250000,0,141,8,40
0,1,6970,0.4343750000,5,139,8,40
0,1,8563,0.4343750000,0,139,8,40
0,1,3336,0.4312500000,0,138,8,40
0,1,4639,0.4312500000,0,138,8,40
0,1,74,0.4281250000,9,137,8,40
0,1,416,0.4281250000,0,137,8,40
0,1,7816,0.4281250000,4,137,8,40
0,1,6481,0.4250000000,2,136,8,40
0,1,5280,0.4218750000,9,135,8,40
0,1,6641,0.4218750000,8,135,8,40
0,1,8857,0.4218750000,9,135,8,40
0,1,6006,0.4187500000,0,134,8,40
0,1,5327,0.4125000000,8,132,8,40
0,1,6549,0.4125000000,8,132,8,40
0,1,638,0.4093750000,0,131,8,40
0,1,1739,0.4062500000,0,130,8,40
0,1,7126,0.4062500000,0,130,8,40
0,1,9065,0.4062500000,2,130,8,40
0,1,888,0.4031250000,8,129,8,40
0,1,5279,0.4031250000,0,129,8,40
0,1,9193,0.4031250000,0,129,8,40
0,1,9820,0.4031250000,8,129,8,40
0,1,531,0.4000000000,0,128,8,40
0,1,8397,0.4000000000,0,128,8,40
0,1,3321,0.3937500000,2,126,8,40
0,1,3631,0.3937500000,9,126,8,40
0,1,2276,0.3906250000,0,125,8,40
0,1,4548,0.3906250000,0,125,8,40
0,1,5626,0.3906250000,0,125,8,40
0,1,6933,0.3875000000,4,124,8,40
0,1,9983,0.3875000000,0,124,8,40
0,1,2570,0.3843750000,0,123,8,40
0,1,5074,0.3843750000,0,123,8,40
0,1,5809,0.3843750000,3,123,8,40
0,1,6284,0.3843750000,0,123,8,40
0,1,6729,0.3843750000,3,123,8,40
0,1,376,0.3781250000,0,121,8,40
0,1,5392,0.3781250000,0,121,8,40
0,1,6491,0.3718750000,3,119,8,40
0,1,3490,0.3687500000,4,118,8,40
0,1,3497,0.3687500000,6,118,8,40
0,1,4861,0.3687500000,8,118,8,40
0,1,9170,0.3656250000,0,117,8,40
0,1,526,0.3625000000,4,116,8,40
0,1,678,0.3625000000,3,116,8,40
0,1,4504,0.3593750000,0,115,8,40
0,1,7861,0.3593750000,6,115,8,40
0,1,313,0.3562500000,0,114,8,40
0,1,1485,0.3562500000,2,114,8,40
0,1,1835,0.3531250000,3,113,8,40
0,1,3335,0.3531250000,2,113,8,40
0,1,982,0.3500000000,5,112,8,40
0,1,2535,0.3468750000,5,111,8,40
0,1,4606,0.3406250000,9,109,8,40
0,1,6953,0.3406250000,0,109,8,40
0,1,1323,0.3343750000,2,107,8,40
0,1,3158,0.3343750000,0,107,8,40
0,1,8977,0.3343750000,9,107,8,40
0,1,237,0.3281250000,9,105,8,40
0,1,2192,0.3218750000,6,103,8,40
0,1,767,0.3187500000,8,102,8,40
0,1,1137,0.3187500000,3,102,8,40
0,1,4313,0.3125000000,0,100,8,40
0,1,5144,0.3125000000,0,100,8,40
0,1,8405,0.3125000000,0,100,8,40
0,1,9528,0.3093750000,0,99,8,40
0,1,5781,0.3062500000,8,98,8,40
0,1,52,0.3031250000,6,97,8,40
0,1,3550,0.3031250000,4,97,8,40
0,1,1093,0.3000000000,0,96,8,40
0,1,1574,0.2968750000,9,95,8,40
0,1,1036,0.2937500000,4,94,8,40
0,1,4880,0.2906250000,8,93,8,40
0,1,6162,0.2531250000,7,81,8,40
0,1,1898,0.2500000000,6,80,8,40
0,1,2232,0.2437500000,3,78,8,40
0,1,5328,0.2406250000,4,77,8,40
0,1,6949,0.2406250000,8,77,8,40
0,1,675,0.2375000000,8,76,8,40
0,1,4447,0.2156250000,0,69,8,40
0,1,9857,0.2000000000,0,64,8,40
0,1,3587,0.1937500000,5,62,8,40
0,1,2532,0.1906250000,8,61,8,40
0,1,5544,0.1843750000,3,59,8,40
0,1,4408,0.1656250000,0,53,8,40
0,1,4748,0.1531250000,0,49,8,40
0,1,5923,0.1031250000,0,33,8,40
0,1,3171,0.0468750000,9,15,8,40
