yt,yt_wnid,yt_name,yp,yp_wnid,yp_name,val_ds_index,rel_path,delta,eta_star,pred_before,pred_after,g_norm
0,n01443537,"goldfish, Carassius auratus",1,n01629819,"European fire salamander, Salamandra salamandra",68,val/images/val_68.JPEG,0.0021362305,0.0021362305,184,1,6.9139161110
0,n01443537,"goldfish, Carassius auratus",1,n01629819,"European fire salamander, Salamandra salamandra",611,val/images/val_611.JPEG,0.0020751953,0.0020751953,127,1,7.5667500496
0,n01443537,"goldfish, Carassius auratus",1,n01629819,"European fire salamander, Salamandra salamandra",651,val/images/val_651.JPEG,0.0017089844,0.0017089844,127,1,9.0153303146
0,n01443537,"goldfish, Carassius auratus",1,n01629819,"European fire salamander, Salamandra salamandra",653,val/images/val_653.JPEG,0.0020751953,0.0020751953,184,1,6.9474735260
0,n01443537,"goldfish, Carassius auratus",1,n01629819,"European fire salamander, Salamandra salamandra",886,val/images/val_886.JPEG,0.0020751953,0.0020751953,127,1,6.9402494431
0,n01443537,"goldfish, Carassius auratus",1,n01629819,"European fire salamander, Salamandra salamandra",1230,val/images/val_1230.JPEG,0.0020751953,0.0020751953,184,1,7.1121187210
0,n01443537,"goldfish, Carassius auratus",1,n01629819,"European fire salamander, Salamandra salamandra",1267,val/images/val_1267.JPEG,0.0039062500,0.0039062500,192,1,4.5019407272
0,n01443537,"goldfish, Carassius auratus",1,n01629819,"European fire salamander, Salamandra salamandra",1284,val/images/val_1284.JPEG,0.0020751953,0.0020751953,127,1,7.3325304985
0,n01443537,"goldfish, Carassius auratus",1,n01629819,"European fire salamander, Salamandra salamandra",1551,val/images/val_1551.JPEG,0.0023193359,0.0023193359,122,1,5.5895829201
0,n01443537,"goldfish, Carassius auratus",1,n01629819,"European fire salamander, Salamandra salamandra",1640,val/images/val_1640.JPEG,0.0018920898,0.0018920898,122,1,6.8697900772
0,n01443537,"goldfish, Carassius auratus",1,n01629819,"European fire salamander, Salamandra salamandra",1917,val/images/val_1917.JPEG,0.0027465820,0.0027465820,40,1,5.2451043129
0,n01443537,"goldfish, Carassius auratus",1,n01629819,"European fire salamander, Salamandra salamandra",2046,val/images/val_2046.JPEG,0.0015869141,0.0015869141,122,1,8.4438524246
0,n01443537,"goldfish, Carassius auratus",1,n01629819,"European fire salamander, Salamandra salamandra",2086,val/images/val_2086.JPEG,0.0024414062,0.0024414062,184,1,6.7366304398
0,n01443537,"goldfish, Carassius auratus",1,n01629819,"European fire salamander, Salamandra salamandra",2253,val/images/val_2253.JPEG,0.0012207031,0.0012207031,63,1,9.7175798416
0,n01443537,"goldfish, Carassius auratus",1,n01629819,"European fire salamander, Salamandra salamandra",2337,val/images/val_2337.JPEG,0.0023803711,0.0023803711,122,1,6.0033736229
0,n01443537,"goldfish, Carassius auratus",1,n01629819,"European fire salamander, Salamandra salamandra",2946,val/images/val_2946.JPEG,0.0024414062,0.0024414062,127,1,6.5493674278
0,n01443537,"goldfish, Carassius auratus",1,n01629819,"European fire salamander, Salamandra salamandra",3419,val/images/val_3419.JPEG,0.0019531250,0.0019531250,127,1,6.8544201851
0,n01443537,"goldfish, Carassius auratus",1,n01629819,"European fire salamander, Salamandra salamandra",3543,val/images/val_3543.JPEG,0.0024414062,0.0024414062,127,1,6.0652928352
0,n01443537,"goldfish, Carassius auratus",1,n01629819,"European fire salamander, Salamandra salamandra",3545,val/images/val_3545.JPEG,0.0023803711,0.0023803711,122,1,5.8490800858
0,n01443537,"goldfish, Carassius auratus",1,n01629819,"European fire salamander, Salamandra salamandra",3609,val/images/val_3609.JPEG,0.0014648438,0.0014648438,127,1,10.1506948471
0,n01443537,"goldfish, Carassius auratus",1,n01629819,"European fire salamander, Salamandra salamandra",3772,val/images/val_3772.JPEG,0.0017700195,0.0017700195,184,1,7.0291981697
0,n01443537,"goldfish, Carassius auratus",1,n01629819,"European fire salamander, Salamandra salamandra",4153,val/images/val_4153.JPEG,0.0022583008,0.0022583008,184,1,6.4416427612
0,n01443537,"goldfish, Carassius auratus",1,n01629819,"European fire salamander, Salamandra salamandra",4385,val/images/val_4385.JPEG,0.0021362305,0.0021362305,192,1,6.7697224617
0,n01443537,"goldfish, Carassius auratus",1,n01629819,"European fire salamander, Salamandra salamandra",4558,val/images/val_4558.JPEG,0.0027465820,0.0027465820,184,1,5.1443610191
0,n01443537,"goldfish, Carassius auratus",1,n01629819,"European fire salamander, Salamandra salamandra",4653,val/images/val_4653.JPEG,0.0015869141,0.0015869141,127,1,8.2445459366
0,n01443537,"goldfish, Carassius auratus",1,n01629819,"European fire salamander, Salamandra salamandra",4890,val/images/val_4890.JPEG,0.0018920898,0.0018920898,127,1,8.1228342056
0,n01443537,"goldfish, Carassius auratus",1,n01629819,"European fire salamander, Salamandra salamandra",5085,val/images/val_5085.JPEG,0.0074462891,0.0074462891,61,1,2.6070988178
0,n01443537,"goldfish, Carassius auratus",1,n01629819,"European fire salamander, Salamandra salamandra",5967,val/images/val_5967.JPEG,0.0020141602,0.0020141602,127,1,7.1146707535
0,n01443537,"goldfish, Carassius auratus",1,n01629819,"European fire salamander, Salamandra salamandra",6065,val/images/val_6065.JPEG,0.0024414062,0.0024414062,127,1,5.6016850471
0,n01443537,"goldfish, Carassius auratus",1,n01629819,"European fire salamander, Salamandra salamandra",6854,val/images/val_6854.JPEG,0.0026855469,0.0026855469,122,1,4.9739546776
0,n01443537,"goldfish, Carassius auratus",1,n01629819,"European fire salamander, Salamandra salamandra",6874,val/images/val_6874.JPEG,0.0025024414,0.0025024414,127,1,5.7963333130
0,n01443537,"goldfish, Carassius auratus",1,n01629819,"European fire salamander, Salamandra salamandra",6900,val/images/val_6900.JPEG,0.0037841797,0.0037841797,61,1,4.0868182182
0,n01443537,"goldfish, Carassius auratus",1,n01629819,"European fire salamander, Salamandra salamandra",7088,val/images/val_7088.JPEG,0.0022583008,0.0022583008,127,1,6.9169759750
0,n01443537,"goldfish, Carassius auratus",1,n01629819,"European fire salamander, Salamandra salamandra",7268,val/images/val_7268.JPEG,0.0016479492,0.0016479492,184,1,8.2666578293
0,n01443537,"goldfish, Carassius auratus",1,n01629819,"European fire salamander, Salamandra salamandra",7281,val/images/val_7281.JPEG,0.0031738281,0.0031738281,122,1,5.0000495911
0,n01443537,"goldfish, Carassius auratus",1,n01629819,"European fire salamander, Salamandra salamandra",7930,val/images/val_7930.JPEG,0.0016479492,0.0016479492,184,1,8.1838417053
0,n01443537,"goldfish, Carassius auratus",1,n01629819,"European fire salamander, Salamandra salamandra",8095,val/images/val_8095.JPEG,0.0021362305,0.0021362305,127,1,5.8155813217
0,n01443537,"goldfish, Carassius auratus",1,n01629819,"European fire salamander, Salamandra salamandra",8197,val/images/val_8197.JPEG,0.0032348633,0.0032348633,122,1,5.1827201843
0,n01443537,"goldfish, Carassius auratus",1,n01629819,"European fire salamander, Salamandra salamandra",8481,val/images/val_8481.JPEG,0.0023193359,0.0023193359,168,1,5.5316686630
0,n01443537,"goldfish, Carassius auratus",1,n01629819,"European fire salamander, Salamandra salamandra",8577,val/images/val_8577.JPEG,0.0026245117,0.0026245117,127,1,6.1405096054
0,n01443537,"goldfish, Carassius auratus",1,n01629819,"European fire salamander, Salamandra salamandra",8585,val/images/val_8585.JPEG,0.0026855469,0.0026855469,127,1,6.1007070541
0,n01443537,"goldfish, Carassius auratus",1,n01629819,"European fire salamander, Salamandra salamandra",8905,val/images/val_8905.JPEG,0.0025634766,0.0025634766,122,1,5.3319163322
0,n01443537,"goldfish, Carassius auratus",1,n01629819,"European fire salamander, Salamandra salamandra",8908,val/images/val_8908.JPEG,0.0018920898,0.0018920898,122,1,7.3318581581
0,n01443537,"goldfish, Carassius auratus",1,n01629819,"European fire salamander, Salamandra salamandra",9130,val/images/val_9130.JPEG,0.0030517578,0.0030517578,127,1,5.4571928978
0,n01443537,"goldfish, Carassius auratus",1,n01629819,"European fire salamander, Salamandra salamandra",9215,val/images/val_9215.JPEG,0.0015258789,0.0015258789,127,1,8.9128637314
0,n01443537,"goldfish, Carassius auratus",1,n01629819,"European fire salamander, Salamandra salamandra",9398,val/images/val_9398.JPEG,0.0015869141,0.0015869141,122,1,8.3626403809
0,n01443537,"goldfish, Carassius auratus",1,n01629819,"European fire salamander, Salamandra salamandra",9467,val/images/val_9467.JPEG,0.0020141602,0.0020141602,127,1,7.7507815361
0,n01443537,"goldfish, Carassius auratus",1,n01629819,"European fire salamander, Salamandra salamandra",9506,val/images/val_9506.JPEG,0.0028076172,0.0028076172,184,1,5.8679151535
0,n01443537,"goldfish, Carassius auratus",1,n01629819,"European fire salamander, Salamandra salamandra",9560,val/images/val_9560.JPEG,0.0023803711,0.0023803711,127,1,5.7480597496
0,n01443537,"goldfish, Carassius auratus",1,n01629819,"European fire salamander, Salamandra salamandra",9949,val/images/val_9949.JPEG,0.0020141602,0.0020141602,184,1,6.9351921082
