yt,test_ds_index,epa,dps,mode_label,mode_count,M,N
0,3,0.9600000000,0.9600000000,0,768,8,100
0,10,0.6900000000,0.6900000000,0,552,8,100
0,21,0.3925000000,0.6037500000,2,483,8,100
0,27,0.7362500000,0.7362500000,0,589,8,100
0,44,0.7512500000,0.7512500000,0,601,8,100
0,52,0.0125000000,0.4475000000,2,358,8,100
0,74,0.4175000000,0.4850000000,9,388,8,100
0,90,0.9812500000,0.9812500000,0,785,8,100
0,97,0.8550000000,0.8550000000,0,684,8,100
0,98,0.9550000000,0.9550000000,0,764,8,100
0,111,0.9225000000,0.9225000000,0,738,8,100
0,116,0.9900000000,0.9900000000,0,792,8,100
0,125,0.6250000000,0.6250000000,0,500,8,100
0,153,0.9037500000,0.9037500000,0,723,8,100
0,154,0.9250000000,0.9250000000,0,740,8,100
0,169,0.8975000000,0.8975000000,0,718,8,100
0,179,0.9087500000,0.9087500000,0,727,8,100
0,180,0.9400000000,0.9400000000,0,752,8,100
0,189,0.1237500000,0.8600000000,8,688,8,100
0,192,0.6350000000,0.6350000000,0,508,8,100
0,206,0.9262500000,0.9262500000,0,741,8,100
0,215,0.5987500000,0.5987500000,0,479,8,100
0,235,0.9875000000,0.9875000000,0,790,8,100
0,237,0.4000000000,0.4000000000,0,320,8,100
0,244,0.9887500000,0.9887500000,0,791,8,100
0,255,0.6250000000,0.6250000000,0,500,8,100
0,257,0.9875000000,0.9875000000,0,790,8,100
0,258,0.1412500000,0.8400000000,8,672,8,100
0,264,0.1737500000,0.7487500000,8,599,8,100
0,269,0.5425000000,0.5425000000,0,434,8,100
0,276,0.9762500000,0.9762500000,0,781,8,100
0,281,0.7600000000,0.7600000000,0,608,8,100
0,284,0.0812500000,0.8887500000,9,711,8,100
0,287,0.0962500000,0.8925000000,8,714,8,100
0,297,0.9775000000,0.9775000000,0,782,8,100
0,298,0.9175000000,0.9175000000,0,734,8,100
0,313,0.3912500000,0.3912500000,0,313,8,100
0,315,0.9262500000,0.9262500000,0,741,8,100
0,338,0.7325000000,0.7325000000,0,586,8,100
0,352,0.5975000000,0.5975000000,0,478,8,100
0,359,0.9487500000,0.9487500000,0,759,8,100
0,376,0.4575000000,0.4575000000,0,366,8,100
0,378,0.0012500000,0.6412500000,8,513,8,100
0,382,0.9762500000,0.9762500000,0,781,8,100
0,398,0.9287500000,0.9287500000,0,743,8,100
0,406,0.9712500000,0.9712500000,0,777,8,100
0,416,0.4475000000,0.4475000000,0,358,8,100
0,422,0.2525000000,0.7312500000,8,585,8,100
0,423,0.9762500000,0.9762500000,0,781,8,100
0,428,0.0225000000,0.8425000000,6,674,8,100
0,447,0.9600000000,0.9600000000,0,768,8,100
0,473,0.9387500000,0.9387500000,0,751,8,100
0,477,0.5300000000,0.5300000000,0,424,8,100
0,489,0.9412500000,0.9412500000,0,753,8,100
0,491,0.7100000000,0.7100000000,0,568,8,100
0,496,0.9425000000,0.9425000000,0,754,8,100
0,499,0.9062500000,0.9062500000,0,725,8,100
0,522,0.9612500000,0.9612500000,0,769,8,100
0,524,0.8825000000,0.8825000000,0,706,8,100
0,526,0.2125000000,0.4987500000,4,399,8,100
0,527,0.9900000000,0.9900000000,0,792,8,100
0,531,0.3762500000,0.3762500000,0,301,8,100
0,539,0.8175000000,0.8175000000,0,654,8,100
0,560,0.9875000000,0.9875000000,0,790,8,100
0,581,0.8887500000,0.8887500000,0,711,8,100
0,584,0.9962500000,0.9962500000,0,797,8,100
0,602,0.9625000000,0.9625000000,0,770,8,100
0,638,0.5900000000,0.5900000000,0,472,8,100
0,642,0.7300000000,0.7300000000,0,584,8,100
0,667,0.9787500000,0.9787500000,0,783,8,100
0,675,0.3762500000,0.3762500000,0,301,8,100
0,678,0.3337500000,0.3337500000,0,267,8,100
0,689,0.1337500000,0.5637500000,6,451,8,100
0,742,0.9237500000,0.9237500000,0,739,8,100
0,763,0.8650000000,0.8650000000,0,692,8,100
0,767,0.4812500000,0.4812500000,0,385,8,100
0,774,0.9450000000,0.9450000000,0,756,8,100
0,778,0.9825000000,0.9825000000,0,786,8,100
0,785,0.5325000000,0.5325000000,0,426,8,100
0,791,0.9862500000,0.9862500000,0,789,8,100
0,814,0.8375000000,0.8375000000,0,670,8,100
0,822,0.9725000000,0.9725000000,0,778,8,100
0,841,0.9700000000,0.9700000000,0,776,8,100
0,847,0.9662500000,0.9662500000,0,773,8,100
0,854,0.9750000000,0.9750000000,0,780,8,100
0,857,0.7562500000,0.7562500000,0,605,8,100
0,864,0.9875000000,0.9875000000,0,790,8,100
0,868,0.9937500000,0.9937500000,0,795,8,100
0,883,0.9237500000,0.9237500000,0,739,8,100
0,885,0.8687500000,0.8687500000,0,695,8,100
0,886,0.6325000000,0.6325000000,0,506,8,100
0,888,0.0075000000,0.3350000000,1,268,8,100
0,912,0.1287500000,0.4437500000,2,355,8,100
0,914,0.9525000000,0.9525000000,0,762,8,100
0,919,0.9362500000,0.9362500000,0,749,8,100
0,928,0.8325000000,0.8325000000,0,666,8,100
0,929,0.9362500000,0.9362500000,0,749,8,100
0,944,0.9850000000,0.9850000000,0,788,8,100
0,946,0.9725000000,0.9725000000,0,778,8,100
0,956,0.1625000000,0.5800000000,8,464,8,100
0,975,0.9937500000,0.9937500000,0,795,8,100
0,982,0.0050000000,0.4362500000,5,349,8,100
0,989,0.8487500000,0.8487500000,0,679,8,100
0,1001,0.8050000000,0.8050000000,0,644,8,100
0,1010,0.9750000000,0.9750000000,0,780,8,100
0,1018,0.8812500000,0.8812500000,0,705,8,100
0,1022,0.9325000000,0.9325000000,0,746,8,100
0,1023,0.7087500000,0.7087500000,0,567,8,100
0,1026,0.6837500000,0.6837500000,0,547,8,100
0,1027,0.8712500000,0.8712500000,0,697,8,100
0,1036,0.0800000000,0.3925000000,4,314,8,100
0,1052,0.8425000000,0.8425000000,0,674,8,100
0,1067,0.9900000000,0.9900000000,0,792,8,100
0,1072,0.0037500000,0.9637500000,8,771,8,100
0,1076,0.8625000000,0.8625000000,0,690,8,100
0,1077,0.9850000000,0.9850000000,0,788,8,100
0,1078,0.9700000000,0.9700000000,0,776,8,100
0,1090,0.9537500000,0.9537500000,0,763,8,100
0,1093,0.3100000000,0.3550000000,4,284,8,100
0,1103,0.9775000000,0.9775000000,0,782,8,100
0,1109,0.7412500000,0.7412500000,0,593,8,100
0,1137,0.0475000000,0.4175000000,3,334,8,100
0,1152,0.9725000000,0.9725000000,0,778,8,100
0,1161,0.9912500000,0.9912500000,0,793,8,100
0,1165,0.9087500000,0.9087500000,0,727,8,100
0,1183,0.7862500000,0.7862500000,0,629,8,100
0,1188,0.9900000000,0.9900000000,0,792,8,100
0,1189,0.8700000000,0.8700000000,0,696,8,100
0,1197,0.8987500000,0.8987500000,0,719,8,100
0,1203,0.6775000000,0.6775000000,0,542,8,100
0,1210,0.9625000000,0.9625000000,0,770,8,100
0,1237,0.9500000000,0.9500000000,0,760,8,100
0,1241,0.6650000000,0.6650000000,0,532,8,100
0,1266,0.5412500000,0.5412500000,0,433,8,100
0,1295,0.9875000000,0.9875000000,0,790,8,100
0,1310,0.9837500000,0.9837500000,0,787,8,100
0,1319,0.7837500000,0.7837500000,0,627,8,100
0,1322,0.2650000000,0.2650000000,0,212,8,100
0,1323,0.0600000000,0.3187500000,2,255,8,100
0,1343,0.7750000000,0.7750000000,0,620,8,100
0,1365,0.9737500000,0.9737500000,0,779,8,100
0,1397,0.6975000000,0.6975000000,0,558,8,100
0,1409,0.9100000000,0.9100000000,0,728,8,100
0,1434,0.8737500000,0.8737500000,0,699,8,100
0,1440,0.7437500000,0.7437500000,0,595,8,100
0,1446,0.9337500000,0.9337500000,0,747,8,100
0,1461,0.8987500000,0.8987500000,0,719,8,100
0,1463,0.9800000000,0.9800000000,0,784,8,100
0,1485,0.1375000000,0.3650000000,8,292,8,100
0,1514,0.8912500000,0.8912500000,0,713,8,100
0,1555,0.7587500000,0.7587500000,0,607,8,100
0,1568,0.6775000000,0.6775000000,0,542,8,100
0,1573,0.8775000000,0.8775000000,0,702,8,100
0,1574,0.0650000000,0.5375000000,9,430,8,100
0,1579,0.9750000000,0.9750000000,0,780,8,100
0,1596,0.9337500000,0.9337500000,0,747,8,100
0,1617,0.9687500000,0.9687500000,0,775,8,100
0,1646,0.9525000000,0.9525000000,0,762,8,100
0,1651,0.8837500000,0.8837500000,0,707,8,100
0,1652,0.9837500000,0.9837500000,0,787,8,100
0,1664,0.9712500000,0.9712500000,0,777,8,100
0,1686,0.7600000000,0.7600000000,0,608,8,100
0,1694,0.9812500000,0.9812500000,0,785,8,100
0,1705,0.9875000000,0.9875000000,0,790,8,100
0,1712,0.9912500000,0.9912500000,0,793,8,100
0,1714,0.8375000000,0.8375000000,0,670,8,100
0,1718,0.0075000000,0.6800000000,8,544,8,100
0,1719,0.9962500000,0.9962500000,0,797,8,100
0,1725,0.9925000000,0.9925000000,0,794,8,100
0,1726,0.9812500000,0.9812500000,0,785,8,100
0,1728,0.6612500000,0.6612500000,0,529,8,100
0,1735,0.9375000000,0.9375000000,0,750,8,100
0,1739,0.2637500000,0.4137500000,7,331,8,100
0,1744,0.9912500000,0.9912500000,0,793,8,100
0,1748,0.9350000000,0.9350000000,0,748,8,100
0,1760,0.9862500000,0.9862500000,0,789,8,100
0,1776,0.9187500000,0.9187500000,0,735,8,100
0,1785,0.8837500000,0.8837500000,0,707,8,100
0,1789,0.9387500000,0.9387500000,0,751,8,100
0,1796,0.9737500000,0.9737500000,0,779,8,100
0,1819,0.9862500000,0.9862500000,0,789,8,100
0,1823,0.0362500000,0.2900000000,3,232,8,100
0,1835,0.2050000000,0.4575000000,4,366,8,100
0,1851,0.9812500000,0.9812500000,0,785,8,100
0,1875,0.9700000000,0.9700000000,0,776,8,100
0,1879,0.9662500000,0.9662500000,0,773,8,100
0,1898,0.0037500000,0.3850000000,3,308,8,100
0,1902,0.4762500000,0.4787500000,2,383,8,100
0,1903,0.9887500000,0.9887500000,0,791,8,100
0,1912,0.9637500000,0.9637500000,0,771,8,100
0,1926,0.7350000000,0.7350000000,0,588,8,100
0,1932,0.9025000000,0.9025000000,0,722,8,100
0,1949,0.9812500000,0.9812500000,0,785,8,100
0,1959,0.7950000000,0.7950000000,0,636,8,100
0,1965,0.8650000000,0.8650000000,0,692,8,100
0,1973,0.9437500000,0.9437500000,0,755,8,100
0,2040,0.9950000000,0.9950000000,0,796,8,100
0,2041,0.9675000000,0.9675000000,0,774,8,100
0,2058,0.0037500000,0.9137500000,8,731,8,100
0,2077,0.9762500000,0.9762500000,0,781,8,100
0,2079,0.9662500000,0.9662500000,0,773,8,100
0,2085,0.7675000000,0.7675000000,0,614,8,100
0,2087,0.5875000000,0.5875000000,0,470,8,100
0,2091,0.7512500000,0.7512500000,0,601,8,100
0,2095,0.8062500000,0.8062500000,0,645,8,100
0,2098,0.7375000000,0.7375000000,0,590,8,100
0,2102,0.7887500000,0.7887500000,0,631,8,100
0,2109,0.9875000000,0.9875000000,0,790,8,100
0,2110,0.7425000000,0.7425000000,0,594,8,100
0,2113,0.9925000000,0.9925000000,0,794,8,100
0,2122,0.9750000000,0.9750000000,0,780,8,100
0,2124,0.9837500000,0.9837500000,0,787,8,100
0,2130,0.8737500000,0.8737500000,0,699,8,100
0,2136,0.0025000000,0.6875000000,9,550,8,100
0,2160,0.9737500000,0.9737500000,0,779,8,100
0,2166,0.9462500000,0.9462500000,0,757,8,100
0,2185,0.9812500000,0.9812500000,0,785,8,100
0,2192,0.4237500000,0.4237500000,0,339,8,100
0,2200,0.4725000000,0.5100000000,2,408,8,100
0,2215,0.7600000000,0.7600000000,0,608,8,100
0,2232,0.0150000000,0.4825000000,3,386,8,100
0,2241,0.9887500000,0.9887500000,0,791,8,100
0,2248,0.4537500000,0.4537500000,0,363,8,100
0,2249,0.9875000000,0.9875000000,0,790,8,100
0,2257,0.9825000000,0.9825000000,0,786,8,100
0,2264,0.8025000000,0.8025000000,0,642,8,100
0,2276,0.3312500000,0.6300000000,1,504,8,100
0,2298,0.8500000000,0.8500000000,0,680,8,100
0,2302,0.9475000000,0.9475000000,0,758,8,100
0,2322,0.8500000000,0.8500000000,0,680,8,100
0,2324,0.4287500000,0.4287500000,0,343,8,100
0,2330,0.9675000000,0.9675000000,0,774,8,100
0,2341,0.9887500000,0.9887500000,0,791,8,100
0,2344,0.9512500000,0.9512500000,0,761,8,100
0,2368,0.9300000000,0.9300000000,0,744,8,100
0,2370,0.9950000000,0.9950000000,0,796,8,100
0,2373,0.9887500000,0.9887500000,0,791,8,100
0,2375,0.9300000000,0.9300000000,0,744,8,100
0,2379,0.0725000000,0.9062500000,8,725,8,100
0,2388,0.9687500000,0.9687500000,0,775,8,100
0,2400,0.9762500000,0.9762500000,0,781,8,100
0,2404,0.6650000000,0.6650000000,0,532,8,100
0,2411,0.9862500000,0.9862500000,0,789,8,100
0,2425,0.6150000000,0.6150000000,0,492,8,100
0,2434,0.3837500000,0.3837500000,0,307,8,100
0,2461,0.8675000000,0.8675000000,0,694,8,100
0,2463,0.6975000000,0.6975000000,0,558,8,100
0,2468,0.7975000000,0.7975000000,0,638,8,100
0,2473,0.3662500000,0.5900000000,8,472,8,100
0,2490,0.5387500000,0.5387500000,0,431,8,100
0,2507,0.9150000000,0.9150000000,0,732,8,100
0,2532,0.0112500000,0.8362500000,1,669,8,100
0,2535,0.0700000000,0.3562500000,6,285,8,100
0,2548,0.9587500000,0.9587500000,0,767,8,100
0,2569,0.9775000000,0.9775000000,0,782,8,100
0,2570,0.5962500000,0.5962500000,0,477,8,100
0,2587,0.6262500000,0.6262500000,0,501,8,100
0,2589,0.8387500000,0.8387500000,0,671,8,100
0,2594,0.9750000000,0.9750000000,0,780,8,100
0,2603,0.4887500000,0.4887500000,0,391,8,100
0,2614,0.9675000000,0.9675000000,0,774,8,100
0,2622,0.8100000000,0.8100000000,0,648,8,100
0,2628,0.9212500000,0.9212500000,0,737,8,100
0,2668,0.9400000000,0.9400000000,0,752,8,100
0,2672,0.7237500000,0.7237500000,0,579,8,100
0,2674,0.9887500000,0.9887500000,0,791,8,100
0,2678,0.9487500000,0.9487500000,0,759,8,100
0,2679,0.7475000000,0.7475000000,0,598,8,100
0,2680,0.9862500000,0.9862500000,0,789,8,100
0,2681,0.6950000000,0.6950000000,0,556,8,100
0,2697,0.7600000000,0.7600000000,0,608,8,100
0,2704,0.7487500000,0.7487500000,0,599,8,100
0,2715,0.9925000000,0.9925000000,0,794,8,100
0,2717,0.5262500000,0.5262500000,0,421,8,100
0,2724,0.9725000000,0.9725000000,0,778,8,100
0,2749,0.9837500000,0.9837500000,0,787,8,100
0,2782,0.7287500000,0.7287500000,0,583,8,100
0,2783,0.8762500000,0.8762500000,0,701,8,100
0,2792,0.9887500000,0.9887500000,0,791,8,100
0,2794,0.5900000000,0.5900000000,0,472,8,100
0,2812,0.8575000000,0.8575000000,0,686,8,100
0,2821,0.5012500000,0.5012500000,0,401,8,100
0,2833,0.9912500000,0.9912500000,0,793,8,100
0,2857,0.9762500000,0.9762500000,0,781,8,100
0,2877,0.9637500000,0.9637500000,0,771,8,100
0,2879,0.8087500000,0.8087500000,0,647,8,100
0,2892,0.7225000000,0.7225000000,0,578,8,100
0,2909,0.9375000000,0.9375000000,0,750,8,100
0,2913,0.9850000000,0.9850000000,0,788,8,100
0,2951,0.8037500000,0.8037500000,0,643,8,100
0,2956,0.9200000000,0.9200000000,0,736,8,100
0,2958,0.1250000000,0.8412500000,8,673,8,100
0,2964,0.9137500000,0.9137500000,0,731,8,100
0,2966,0.2962500000,0.4137500000,2,331,8,100
0,2968,0.9212500000,0.9212500000,0,737,8,100
0,2973,0.9637500000,0.9637500000,0,771,8,100
0,2976,0.7437500000,0.7437500000,0,595,8,100
0,2979,0.9962500000,0.9962500000,0,797,8,100
0,2993,0.7725000000,0.7725000000,0,618,8,100
0,3005,0.4637500000,0.4637500000,0,371,8,100
0,3024,0.9812500000,0.9812500000,0,785,8,100
0,3048,0.9612500000,0.9612500000,0,769,8,100
0,3050,0.8787500000,0.8787500000,0,703,8,100
0,3063,0.2225000000,0.7537500000,2,603,8,100
0,3070,0.9300000000,0.9300000000,0,744,8,100
0,3087,0.5537500000,0.5537500000,0,443,8,100
0,3097,0.5637500000,0.5637500000,0,451,8,100
0,3100,0.9637500000,0.9637500000,0,771,8,100
0,3102,0.8662500000,0.8662500000,0,693,8,100
0,3111,0.9537500000,0.9537500000,0,763,8,100
0,3112,0.9312500000,0.9312500000,0,745,8,100
0,3117,0.8687500000,0.8687500000,0,695,8,100
0,3148,0.5387500000,0.5387500000,0,431,8,100
0,3158,0.3075000000,0.3237500000,1,259,8,100
0,3164,0.0112500000,0.9650000000,2,772,8,100
0,3171,0.0162500000,0.8362500000,1,669,8,100
0,3177,0.7062500000,0.7062500000,0,565,8,100
0,3184,0.9550000000,0.9550000000,0,764,8,100
0,3191,0.4162500000,0.4162500000,0,333,8,100
0,3207,0.7900000000,0.7900000000,0,632,8,100
0,3211,0.1112500000,0.6200000000,9,496,8,100
0,3219,0.4725000000,0.4725000000,0,378,8,100
0,3248,0.9750000000,0.9750000000,0,780,8,100
0,3258,0.7512500000,0.7512500000,0,601,8,100
0,3261,0.9775000000,0.9775000000,0,782,8,100
0,3278,0.6325000000,0.6325000000,0,506,8,100
0,3294,0.9875000000,0.9875000000,0,790,8,100
0,3299,0.0662500000,0.5937500000,4,475,8,100
0,3302,0.8462500000,0.8462500000,0,677,8,100
0,3321,0.3275000000,0.4862500000,2,389,8,100
0,3335,0.3825000000,0.4375000000,2,350,8,100
0,3336,0.5725000000,0.5725000000,0,458,8,100
0,3338,0.9075000000,0.9075000000,0,726,8,100
0,3342,0.5812500000,0.5812500000,0,465,8,100
0,3396,0.8962500000,0.8962500000,0,717,8,100
0,3399,0.9612500000,0.9612500000,0,769,8,100
0,3412,0.8212500000,0.8212500000,0,657,8,100
0,3421,0.7150000000,0.7150000000,0,572,8,100
0,3425,0.8087500000,0.8087500000,0,647,8,100
0,3426,0.8987500000,0.8987500000,0,719,8,100
0,3429,0.2500000000,0.7250000000,2,580,8,100
0,3441,0.9700000000,0.9700000000,0,776,8,100
0,3444,0.8487500000,0.8487500000,0,679,8,100
0,3445,0.9937500000,0.9937500000,0,795,8,100
0,3467,0.9800000000,0.9800000000,0,784,8,100
0,3475,0.8950000000,0.8950000000,0,716,8,100
0,3483,0.9787500000,0.9787500000,0,783,8,100
0,3490,0.3187500000,0.4362500000,4,349,8,100
0,3493,0.8925000000,0.8925000000,0,714,8,100
0,3494,0.0337500000,0.6137500000,9,491,8,100
0,3497,0.2662500000,0.3025000000,6,242,8,100
0,3499,0.9937500000,0.9937500000,0,795,8,100
0,3511,0.7150000000,0.7150000000,0,572,8,100
0,3536,0.9037500000,0.9037500000,0,723,8,100
0,3548,0.9800000000,0.9800000000,0,784,8,100
0,3550,0.0425000000,0.3762500000,4,301,8,100
0,3551,0.9550000000,0.9550000000,0,764,8,100
0,3568,0.9912500000,0.9912500000,0,793,8,100
0,3587,0.0562500000,0.2800000000,1,224,8,100
0,3601,0.7412500000,0.7412500000,0,593,8,100
0,3608,0.8237500000,0.8237500000,0,659,8,100
0,3620,0.8175000000,0.8175000000,0,654,8,100
0,3631,0.1925000000,0.4662500000,9,373,8,100
0,3650,0.9650000000,0.9650000000,0,772,8,100
0,3651,0.9637500000,0.9637500000,0,771,8,100
0,3660,0.8675000000,0.8675000000,0,694,8,100
0,3672,0.9675000000,0.9675000000,0,774,8,100
0,3679,0.8475000000,0.8475000000,0,678,8,100
0,3680,0.7050000000,0.7050000000,0,564,8,100
0,3740,0.9937500000,0.9937500000,0,795,8,100
0,3754,0.7712500000,0.7712500000,0,617,8,100
0,3761,0.5775000000,0.5775000000,0,462,8,100
0,3765,0.7937500000,0.7937500000,0,635,8,100
0,3782,0.9087500000,0.9087500000,0,727,8,100
0,3792,0.9312500000,0.9312500000,0,745,8,100
0,3820,0.5575000000,0.5575000000,0,446,8,100
0,3823,0.9700000000,0.9700000000,0,776,8,100
0,3825,0.9725000000,0.9725000000,0,778,8,100
0,3845,0.9662500000,0.9662500000,0,773,8,100
0,3847,0.9025000000,0.9025000000,0,722,8,100
0,3866,0.9837500000,0.9837500000,0,787,8,100
0,3897,0.9425000000,0.9425000000,0,754,8,100
0,3903,0.8737500000,0.8737500000,0,699,8,100
0,3927,0.8662500000,0.8662500000,0,693,8,100
0,3943,0.9712500000,0.9712500000,0,777,8,100
0,3955,0.9887500000,0.9887500000,0,791,8,100
0,3965,0.9575000000,0.9575000000,0,766,8,100
0,3971,0.9887500000,0.9887500000,0,791,8,100
0,3992,0.9912500000,0.9912500000,0,793,8,100
0,4004,0.6275000000,0.6275000000,0,502,8,100
0,4028,0.9800000000,0.9800000000,0,784,8,100
0,4037,0.9850000000,0.9850000000,0,788,8,100
0,4038,0.1887500000,0.3975000000,1,318,8,100
0,4040,0.9825000000,0.9825000000,0,786,8,100
0,4056,0.9937500000,0.9937500000,0,795,8,100
0,4062,0.7425000000,0.7425000000,0,594,8,100
0,4081,0.8437500000,0.8437500000,0,675,8,100
0,4102,0.9850000000,0.9850000000,0,788,8,100
0,4104,0.9787500000,0.9787500000,0,783,8,100
0,4113,0.9912500000,0.9912500000,0,793,8,100
0,4118,0.8250000000,0.8250000000,0,660,8,100
0,4123,0.9800000000,0.9800000000,0,784,8,100
0,4126,0.8400000000,0.8400000000,0,672,8,100
0,4153,0.9912500000,0.9912500000,0,793,8,100
0,4162,0.9712500000,0.9712500000,0,777,8,100
0,4167,0.9675000000,0.9675000000,0,774,8,100
0,4171,0.9212500000,0.9212500000,0,737,8,100
0,4180,0.7825000000,0.7825000000,0,626,8,100
0,4181,0.9850000000,0.9850000000,0,788,8,100
0,4187,0.8550000000,0.8550000000,0,684,8,100
0,4192,0.8775000000,0.8775000000,0,702,8,100
0,4194,0.9750000000,0.9750000000,0,780,8,100
0,4202,0.9262500000,0.9262500000,0,741,8,100
0,4216,0.9512500000,0.9512500000,0,761,8,100
0,4217,0.6900000000,0.6900000000,0,552,8,100
0,4219,0.9650000000,0.9650000000,0,772,8,100
0,4226,0.9575000000,0.9575000000,0,766,8,100
0,4228,0.9662500000,0.9662500000,0,773,8,100
0,4269,0.9112500000,0.9112500000,0,729,8,100
0,4270,0.8487500000,0.8487500000,0,679,8,100
0,4287,0.0225000000,0.4650000000,3,372,8,100
0,4294,0.6512500000,0.6512500000,0,521,8,100
0,4295,0.9775000000,0.9775000000,0,782,8,100
0,4305,0.9937500000,0.9937500000,0,795,8,100
0,4308,0.9462500000,0.9462500000,0,757,8,100
0,4313,0.3350000000,0.3350000000,0,268,8,100
0,4328,0.9937500000,0.9937500000,0,795,8,100
0,4340,0.9787500000,0.9787500000,0,783,8,100
0,4349,0.8937500000,0.8937500000,0,715,8,100
0,4355,0.0187500000,0.8362500000,3,669,8,100
0,4356,0.9950000000,0.9950000000,0,796,8,100
0,4367,0.6175000000,0.6175000000,0,494,8,100
0,4373,0.9237500000,0.9237500000,0,739,8,100
0,4374,0.8475000000,0.8475000000,0,678,8,100
0,4387,0.8262500000,0.8262500000,0,661,8,100
0,4408,0.0950000000,0.3012500000,1,241,8,100
0,4415,0.9900000000,0.9900000000,0,792,8,100
0,4419,0.9475000000,0.9475000000,0,758,8,100
0,4426,0.9887500000,0.9887500000,0,791,8,100
0,4446,0.6875000000,0.6875000000,0,550,8,100
0,4447,0.2187500000,0.2600000000,9,208,8,100
0,4450,0.8862500000,0.8862500000,0,709,8,100
0,4453,0.9375000000,0.9375000000,0,750,8,100
0,4461,0.9812500000,0.9812500000,0,785,8,100
0,4470,0.5387500000,0.5387500000,0,431,8,100
0,4474,0.9512500000,0.9512500000,0,761,8,100
0,4490,0.5350000000,0.5350000000,0,428,8,100
0,4504,0.2125000000,0.2637500000,5,211,8,100
0,4510,0.9137500000,0.9137500000,0,731,8,100
0,4515,0.9912500000,0.9912500000,0,793,8,100
0,4525,0.5375000000,0.5375000000,0,430,8,100
0,4548,0.2512500000,0.2512500000,0,201,8,100
0,4557,0.9937500000,0.9937500000,0,795,8,100
0,4558,0.9812500000,0.9812500000,0,785,8,100
0,4586,0.9437500000,0.9437500000,0,755,8,100
0,4591,0.9912500000,0.9912500000,0,793,8,100
0,4606,0.1312500000,0.4462500000,9,357,8,100
0,4639,0.2450000000,0.4812500000,2,385,8,100
0,4666,0.9850000000,0.9850000000,0,788,8,100
0,4667,0.8750000000,0.8750000000,0,700,8,100
0,4673,0.9362500000,0.9362500000,0,749,8,100
0,4686,0.6250000000,0.6250000000,0,500,8,100
0,4701,0.9862500000,0.9862500000,0,789,8,100
0,4726,0.9125000000,0.9125000000,0,730,8,100
0,4748,0.0625000000,0.8937500000,1,715,8,100
0,4759,0.9925000000,0.9925000000,0,794,8,100
0,4763,0.9600000000,0.9600000000,0,768,8,100
0,4771,0.9725000000,0.9725000000,0,778,8,100
0,4780,0.7312500000,0.7312500000,0,585,8,100
0,4784,0.7150000000,0.7150000000,0,572,8,100
0,4792,0.2675000000,0.7050000000,4,564,8,100
0,4802,0.9887500000,0.9887500000,0,791,8,100
0,4809,0.9912500000,0.9912500000,0,793,8,100
0,4817,0.9850000000,0.9850000000,0,788,8,100
0,4824,0.9950000000,0.9950000000,0,796,8,100
0,4840,0.9787500000,0.9787500000,0,783,8,100
0,4854,0.9887500000,0.9887500000,0,791,8,100
0,4861,0.2700000000,0.5737500000,8,459,8,100
0,4868,0.6487500000,0.6487500000,0,519,8,100
0,4880,0.3250000000,0.3250000000,0,260,8,100
0,4901,0.9100000000,0.9100000000,0,728,8,100
0,4909,0.9475000000,0.9475000000,0,758,8,100
0,4922,0.8725000000,0.8725000000,0,698,8,100
0,4937,0.9237500000,0.9237500000,0,739,8,100
0,4939,0.9537500000,0.9537500000,0,763,8,100
0,4953,0.9962500000,0.9962500000,0,797,8,100
0,4968,0.9850000000,0.9850000000,0,788,8,100
0,4991,0.8900000000,0.8900000000,0,712,8,100
0,5013,0.5975000000,0.5975000000,0,478,8,100
0,5021,0.9887500000,0.9887500000,0,791,8,100
0,5027,0.9437500000,0.9437500000,0,755,8,100
0,5036,0.9912500000,0.9912500000,0,793,8,100
0,5037,0.5362500000,0.5362500000,0,429,8,100
0,5043,0.9625000000,0.9625000000,0,770,8,100
0,5055,0.9912500000,0.9912500000,0,793,8,100
0,5065,0.9787500000,0.9787500000,0,783,8,100
0,5074,0.6362500000,0.6362500000,0,509,8,100
0,5077,0.4537500000,0.5362500000,2,429,8,100
0,5091,0.9800000000,0.9800000000,0,784,8,100
0,5093,0.4887500000,0.4887500000,0,391,8,100
0,5124,0.9937500000,0.9937500000,0,795,8,100
0,5126,0.9487500000,0.9487500000,0,759,8,100
0,5144,0.4262500000,0.4262500000,0,341,8,100
0,5146,0.7725000000,0.7725000000,0,618,8,100
0,5160,0.9775000000,0.9775000000,0,782,8,100
0,5164,0.9825000000,0.9825000000,0,786,8,100
0,5173,0.9612500000,0.9612500000,0,769,8,100
0,5189,0.8975000000,0.8975000000,0,718,8,100
0,5190,0.9800000000,0.9800000000,0,784,8,100
0,5220,0.9425000000,0.9425000000,0,754,8,100
0,5223,0.9962500000,0.9962500000,0,797,8,100
0,5224,0.9337500000,0.9337500000,0,747,8,100
0,5225,0.9462500000,0.9462500000,0,757,8,100
0,5236,0.9675000000,0.9675000000,0,774,8,100
0,5242,0.8937500000,0.8937500000,0,715,8,100
0,5253,0.9825000000,0.9825000000,0,786,8,100
0,5255,0.9900000000,0.9900000000,0,792,8,100
0,5256,0.9925000000,0.9925000000,0,794,8,100
0,5259,0.9762500000,0.9762500000,0,781,8,100
0,5260,0.9950000000,0.9950000000,0,796,8,100
0,5278,0.8900000000,0.8900000000,0,712,8,100
0,5279,0.3450000000,0.3450000000,0,276,8,100
0,5280,0.0725000000,0.5050000000,9,404,8,100
0,5293,0.9825000000,0.9825000000,0,786,8,100
0,5295,0.9237500000,0.9237500000,0,739,8,100
0,5302,0.9200000000,0.9200000000,0,736,8,100
0,5310,0.8037500000,0.8037500000,0,643,8,100
0,5327,0.3137500000,0.4887500000,8,391,8,100
0,5328,0.1012500000,0.4500000000,4,360,8,100
0,5339,0.7525000000,0.7525000000,0,602,8,100
0,5354,0.2287500000,0.4737500000,8,379,8,100
0,5357,0.9687500000,0.9687500000,0,775,8,100
0,5367,0.5925000000,0.5925000000,0,474,8,100
0,5374,0.8825000000,0.8825000000,0,706,8,100
0,5382,0.9900000000,0.9900000000,0,792,8,100
0,5392,0.4912500000,0.4912500000,0,393,8,100
0,5395,0.8762500000,0.8762500000,0,701,8,100
0,5437,0.9662500000,0.9662500000,0,773,8,100
0,5452,0.9862500000,0.9862500000,0,789,8,100
0,5454,0.8000000000,0.8000000000,0,640,8,100
0,5460,0.6650000000,0.6650000000,0,532,8,100
0,5461,0.5487500000,0.5487500000,0,439,8,100
0,5462,0.7962500000,0.7962500000,0,637,8,100
0,5475,0.9837500000,0.9837500000,0,787,8,100
0,5491,0.9887500000,0.9887500000,0,791,8,100
0,5516,0.7975000000,0.7975000000,0,638,8,100
0,5524,0.9700000000,0.9700000000,0,776,8,100
0,5543,0.9862500000,0.9862500000,0,789,8,100
0,5544,0.1675000000,0.4037500000,1,323,8,100
0,5569,0.9462500000,0.9462500000,0,757,8,100
0,5571,0.2612500000,0.6787500000,7,543,8,100
0,5583,0.9900000000,0.9900000000,0,792,8,100
0,5584,0.9837500000,0.9837500000,0,787,8,100
0,5585,0.9762500000,0.9762500000,0,781,8,100
0,5587,0.9900000000,0.9900000000,0,792,8,100
0,5618,0.5150000000,0.5150000000,0,412,8,100
0,5626,0.4162500000,0.4162500000,0,333,8,100
0,5649,0.4062500000,0.4612500000,6,369,8,100
0,5652,0.9650000000,0.9650000000,0,772,8,100
0,5669,0.8212500000,0.8212500000,0,657,8,100
0,5679,0.5712500000,0.5712500000,0,457,8,100
0,5703,0.8337500000,0.8337500000,0,667,8,100
0,5707,0.9712500000,0.9712500000,0,777,8,100
0,5716,0.5912500000,0.5912500000,0,473,8,100
0,5721,0.7137500000,0.7137500000,0,571,8,100
0,5722,0.7375000000,0.7375000000,0,590,8,100
0,5735,0.9825000000,0.9825000000,0,786,8,100
0,5762,0.9337500000,0.9337500000,0,747,8,100
0,5781,0.2100000000,0.3987500000,8,319,8,100
0,5787,0.0212500000,0.4462500000,3,357,8,100
0,5788,0.9887500000,0.9887500000,0,791,8,100
0,5798,0.9450000000,0.9450000000,0,756,8,100
0,5804,0.9675000000,0.9675000000,0,774,8,100
0,5806,0.7875000000,0.7875000000,0,630,8,100
0,5809,0.3187500000,0.5400000000,3,432,8,100
0,5827,0.9712500000,0.9712500000,0,777,8,100
0,5844,0.9687500000,0.9687500000,0,775,8,100
0,5857,0.5762500000,0.5762500000,0,461,8,100
0,5860,0.9425000000,0.9425000000,0,754,8,100
0,5880,0.9750000000,0.9750000000,0,780,8,100
0,5891,0.9650000000,0.9650000000,0,772,8,100
0,5923,0.0562500000,0.8937500000,1,715,8,100
0,5948,0.9600000000,0.9600000000,0,768,8,100
0,5951,0.9887500000,0.9887500000,0,791,8,100
0,5968,0.4837500000,0.4837500000,0,387,8,100
0,5995,0.6375000000,0.6375000000,0,510,8,100
0,5997,0.9087500000,0.9087500000,0,727,8,100
0,6001,0.6750000000,0.6750000000,0,540,8,100
0,6003,0.9725000000,0.9725000000,0,778,8,100
0,6006,0.6775000000,0.6775000000,0,542,8,100
0,6015,0.8887500000,0.8887500000,0,711,8,100
0,6022,0.9000000000,0.9000000000,0,720,8,100
0,6029,0.7162500000,0.7162500000,0,573,8,100
0,6036,0.9512500000,0.9512500000,0,761,8,100
0,6047,0.9775000000,0.9775000000,0,782,8,100
0,6055,0.9700000000,0.9700000000,0,776,8,100
0,6057,0.9725000000,0.9725000000,0,778,8,100
0,6061,0.7612500000,0.7612500000,0,609,8,100
0,6069,0.9462500000,0.9462500000,0,757,8,100
0,6077,0.3125000000,0.6337500000,2,507,8,100
0,6081,0.9825000000,0.9825000000,0,786,8,100
0,6082,0.9475000000,0.9475000000,0,758,8,100
0,6091,0.9887500000,0.9887500000,0,791,8,100
0,6105,0.9800000000,0.9800000000,0,784,8,100
0,6118,0.8925000000,0.8925000000,0,714,8,100
0,6128,0.9862500000,0.9862500000,0,789,8,100
0,6133,0.6937500000,0.6937500000,0,555,8,100
0,6146,0.5675000000,0.5675000000,0,454,8,100
0,6157,0.1687500000,0.6425000000,4,514,8,100
0,6162,0.1825000000,0.4400000000,7,352,8,100
0,6180,0.6025000000,0.6025000000,0,482,8,100
0,6187,0.9675000000,0.9675000000,0,774,8,100
0,6191,0.9450000000,0.9450000000,0,756,8,100
0,6221,0.9600000000,0.9600000000,0,768,8,100
0,6222,0.9750000000,0.9750000000,0,780,8,100
0,6241,0.9137500000,0.9137500000,0,731,8,100
0,6247,0.9312500000,0.9312500000,0,745,8,100
0,6258,0.9512500000,0.9512500000,0,761,8,100
0,6261,0.3687500000,0.6237500000,2,499,8,100
0,6284,0.4487500000,0.4487500000,0,359,8,100
0,6294,0.4862500000,0.5075000000,8,406,8,100
0,6302,0.9312500000,0.9312500000,0,745,8,100
0,6304,0.9712500000,0.9712500000,0,777,8,100
0,6306,0.9600000000,0.9600000000,0,768,8,100
0,6320,0.9462500000,0.9462500000,0,757,8,100
0,6328,0.9912500000,0.9912500000,0,793,8,100
0,6331,0.9275000000,0.9275000000,0,742,8,100
0,6334,0.4325000000,0.5000000000,2,400,8,100
0,6347,0.9900000000,0.9900000000,0,792,8,100
0,6349,0.2075000000,0.4575000000,2,366,8,100
0,6350,0.9750000000,0.9750000000,0,780,8,100
0,6351,0.9437500000,0.9437500000,0,755,8,100
0,6355,0.9312500000,0.9312500000,0,745,8,100
0,6361,0.8875000000,0.8875000000,0,710,8,100
0,6363,0.9925000000,0.9925000000,0,794,8,100
0,6394,0.7025000000,0.7025000000,0,562,8,100
0,6400,0.6450000000,0.6450000000,0,516,8,100
0,6408,0.9725000000,0.9725000000,0,778,8,100
0,6418,0.9712500000,0.9712500000,0,777,8,100
0,6434,0.1400000000,0.8525000000,8,682,8,100
0,6436,0.3212500000,0.6675000000,8,534,8,100
0,6437,0.9362500000,0.9362500000,0,749,8,100
0,6450,0.9662500000,0.9662500000,0,773,8,100
0,6462,0.9487500000,0.9487500000,0,759,8,100
0,6476,0.9962500000,0.9962500000,0,797,8,100
0,6480,0.9350000000,0.9350000000,0,748,8,100
0,6481,0.2850000000,0.3487500000,2,279,8,100
0,6491,0.0075000000,0.3175000000,3,254,8,100
0,6494,0.6875000000,0.6875000000,0,550,8,100
0,6508,0.9900000000,0.9900000000,0,792,8,100
0,6544,0.7225000000,0.7225000000,0,578,8,100
0,6548,0.9837500000,0.9837500000,0,787,8,100
0,6549,0.6512500000,0.6512500000,0,521,8,100
0,6574,0.3887500000,0.3887500000,0,311,8,100
0,6583,0.9875000000,0.9875000000,0,790,8,100
0,6588,0.7637500000,0.7637500000,0,611,8,100
0,6601,0.9762500000,0.9762500000,0,781,8,100
0,6618,0.9850000000,0.9850000000,0,788,8,100
0,6619,0.3675000000,0.5562500000,9,445,8,100
0,6621,0.8462500000,0.8462500000,0,677,8,100
0,6623,0.8737500000,0.8737500000,0,699,8,100
0,6629,0.9675000000,0.9675000000,0,774,8,100
0,6633,0.6225000000,0.6225000000,0,498,8,100
0,6641,0.1887500000,0.3912500000,8,313,8,100
0,6644,0.9312500000,0.9312500000,0,745,8,100
0,6648,0.9825000000,0.9825000000,0,786,8,100
0,6650,0.9675000000,0.9675000000,0,774,8,100
0,6653,0.1950000000,0.7662500000,2,613,8,100
0,6660,0.8700000000,0.8700000000,0,696,8,100
0,6663,0.9925000000,0.9925000000,0,794,8,100
0,6676,0.9887500000,0.9887500000,0,791,8,100
0,6696,0.9587500000,0.9587500000,0,767,8,100
0,6712,0.9825000000,0.9825000000,0,786,8,100
0,6717,0.9162500000,0.9162500000,0,733,8,100
0,6729,0.0100000000,0.3312500000,3,265,8,100
0,6738,0.9150000000,0.9150000000,0,732,8,100
0,6739,0.9050000000,0.9050000000,0,724,8,100
0,6748,0.1675000000,0.4575000000,2,366,8,100
0,6772,0.6875000000,0.6875000000,0,550,8,100
0,6775,0.9675000000,0.9675000000,0,774,8,100
0,6797,0.9875000000,0.9875000000,0,790,8,100
0,6799,0.8112500000,0.8112500000,0,649,8,100
0,6808,0.3725000000,0.6225000000,8,498,8,100
0,6812,0.5625000000,0.5625000000,0,450,8,100
0,6815,0.9900000000,0.9900000000,0,792,8,100
0,6821,0.6137500000,0.6137500000,0,491,8,100
0,6824,0.7775000000,0.7775000000,0,622,8,100
0,6851,0.9287500000,0.9287500000,0,743,8,100
0,6854,0.7525000000,0.7525000000,0,602,8,100
0,6860,0.8887500000,0.8887500000,0,711,8,100
0,6864,0.9525000000,0.9525000000,0,762,8,100
0,6872,0.3175000000,0.4837500000,6,387,8,100
0,6877,0.5850000000,0.5850000000,0,468,8,100
0,6884,0.9850000000,0.9850000000,0,788,8,100
0,6885,0.9487500000,0.9487500000,0,759,8,100
0,6923,0.9762500000,0.9762500000,0,781,8,100
0,6933,0.0112500000,0.5475000000,5,438,8,100
0,6949,0.1762500000,0.3937500000,3,315,8,100
0,6953,0.2650000000,0.3987500000,1,319,8,100
0,6966,0.9362500000,0.9362500000,0,749,8,100
0,6970,0.3350000000,0.3450000000,3,276,8,100
0,6980,0.5837500000,0.5837500000,0,467,8,100
0,6985,0.0950000000,0.8775000000,8,702,8,100
0,6996,0.9812500000,0.9812500000,0,785,8,100
0,7010,0.9437500000,0.9437500000,0,755,8,100
0,7018,0.9800000000,0.9800000000,0,784,8,100
0,7031,0.9700000000,0.9700000000,0,776,8,100
0,7034,0.9862500000,0.9862500000,0,789,8,100
0,7038,0.9000000000,0.9000000000,0,720,8,100
0,7069,0.9737500000,0.9737500000,0,779,8,100
0,7077,0.9600000000,0.9600000000,0,768,8,100
0,7096,0.9512500000,0.9512500000,0,761,8,100
0,7102,0.9575000000,0.9575000000,0,766,8,100
0,7103,0.9500000000,0.9500000000,0,760,8,100
0,7115,0.9825000000,0.9825000000,0,786,8,100
0,7116,0.9450000000,0.9450000000,0,756,8,100
0,7126,0.6137500000,0.6137500000,0,491,8,100
0,7138,0.7837500000,0.7837500000,0,627,8,100
0,7139,0.9700000000,0.9700000000,0,776,8,100
0,7146,0.6925000000,0.6925000000,0,554,8,100
0,7148,0.8975000000,0.8975000000,0,718,8,100
0,7154,0.9575000000,0.9575000000,0,766,8,100
0,7164,0.9750000000,0.9750000000,0,780,8,100
0,7165,0.8762500000,0.8762500000,0,701,8,100
0,7178,0.9675000000,0.9675000000,0,774,8,100
0,7182,0.5112500000,0.5112500000,0,409,8,100
0,7189,0.9312500000,0.9312500000,0,745,8,100
0,7196,0.9550000000,0.9550000000,0,764,8,100
0,7209,0.9762500000,0.9762500000,0,781,8,100
0,7240,0.9762500000,0.9762500000,0,781,8,100
0,7246,0.2387500000,0.7562500000,2,605,8,100
0,7257,0.6900000000,0.6900000000,0,552,8,100
0,7284,0.7662500000,0.7662500000,0,613,8,100
0,7289,0.9500000000,0.9500000000,0,760,8,100
0,7315,0.9600000000,0.9600000000,0,768,8,100
0,7347,0.9500000000,0.9500000000,0,760,8,100
0,7354,0.9887500000,0.9887500000,0,791,8,100
0,7356,0.8100000000,0.8100000000,0,648,8,100
0,7373,0.8125000000,0.8125000000,0,650,8,100
0,7402,0.4375000000,0.4512500000,9,361,8,100
0,7419,0.9012500000,0.9012500000,0,721,8,100
0,7428,0.9887500000,0.9887500000,0,791,8,100
0,7434,0.9875000000,0.9875000000,0,790,8,100
0,7436,0.9187500000,0.9187500000,0,735,8,100
0,7449,0.0562500000,0.3675000000,2,294,8,100
0,7453,0.0125000000,0.6375000000,9,510,8,100
0,7454,0.9125000000,0.9125000000,0,730,8,100
0,7465,0.7600000000,0.7600000000,0,608,8,100
0,7477,0.9262500000,0.9262500000,0,741,8,100
0,7511,0.9750000000,0.9750000000,0,780,8,100
0,7513,0.4675000000,0.4675000000,0,374,8,100
0,7523,0.9850000000,0.9850000000,0,788,8,100
0,7533,0.9837500000,0.9837500000,0,787,8,100
0,7541,0.8625000000,0.8625000000,0,690,8,100
0,7544,0.9650000000,0.9650000000,0,772,8,100
0,7560,0.9212500000,0.9212500000,0,737,8,100
0,7594,0.9162500000,0.9162500000,0,733,8,100
0,7607,0.8750000000,0.8750000000,0,700,8,100
0,7609,0.1312500000,0.5200000000,9,416,8,100
0,7616,0.9662500000,0.9662500000,0,773,8,100
0,7632,0.0000000000,0.8562500000,7,685,8,100
0,7645,0.5912500000,0.5912500000,0,473,8,100
0,7648,0.8050000000,0.8050000000,0,644,8,100
0,7652,0.9812500000,0.9812500000,0,785,8,100
0,7681,0.9875000000,0.9875000000,0,790,8,100
0,7683,0.9800000000,0.9800000000,0,784,8,100
0,7684,0.8162500000,0.8162500000,0,653,8,100
0,7689,0.5675000000,0.5675000000,0,454,8,100
0,7692,0.9937500000,0.9937500000,0,795,8,100
0,7696,0.9912500000,0.9912500000,0,793,8,100
0,7698,0.9912500000,0.9912500000,0,793,8,100
0,7701,0.9912500000,0.9912500000,0,793,8,100
0,7718,0.9837500000,0.9837500000,0,787,8,100
0,7733,0.9812500000,0.9812500000,0,785,8,100
0,7737,0.9287500000,0.9287500000,0,743,8,100
0,7742,0.9575000000,0.9575000000,0,766,8,100
0,7748,0.9900000000,0.9900000000,0,792,8,100
0,7754,0.8325000000,0.8325000000,0,666,8,100
0,7774,0.9937500000,0.9937500000,0,795,8,100
0,7778,0.0112500000,0.2737500000,6,219,8,100
0,7800,0.8262500000,0.8262500000,0,661,8,100
0,7803,0.6162500000,0.6162500000,0,493,8,100
0,7809,0.4787500000,0.4787500000,0,383,8,100
0,7811,0.9925000000,0.9925000000,0,794,8,100
0,7815,0.0450000000,0.5287500000,8,423,8,100
0,7816,0.0062500000,0.4900000000,4,392,8,100
0,7835,0.9675000000,0.9675000000,0,774,8,100
0,7836,0.9812500000,0.9812500000,0,785,8,100
0,7838,0.9925000000,0.9925000000,0,794,8,100
0,7843,0.5287500000,0.5287500000,0,423,8,100
0,7850,0.9175000000,0.9175000000,0,734,8,100
0,7851,0.9150000000,0.9150000000,0,732,8,100
0,7861,0.1350000000,0.4337500000,6,347,8,100
0,7863,0.9625000000,0.9625000000,0,770,8,100
0,7869,0.9800000000,0.9800000000,0,784,8,100
0,7871,0.9237500000,0.9237500000,0,739,8,100
0,7877,0.8187500000,0.8187500000,0,655,8,100
0,7880,0.9537500000,0.9537500000,0,763,8,100
0,7900,0.4187500000,0.4187500000,0,335,8,100
0,7912,0.5800000000,0.5800000000,0,464,8,100
0,7925,0.9912500000,0.9912500000,0,793,8,100
0,7929,0.6912500000,0.6912500000,0,553,8,100
0,7960,0.8850000000,0.8850000000,0,708,8,100
0,7987,0.9950000000,0.9950000000,0,796,8,100
0,7990,0.8775000000,0.8775000000,0,702,8,100
0,7994,0.9775000000,0.9775000000,0,782,8,100
0,8007,0.2900000000,0.4762500000,6,381,8,100
0,8008,0.9775000000,0.9775000000,0,782,8,100
0,8017,0.9887500000,0.9887500000,0,791,8,100
0,8024,0.9662500000,0.9662500000,0,773,8,100
0,8026,0.8650000000,0.8650000000,0,692,8,100
0,8031,0.9687500000,0.9687500000,0,775,8,100
0,8043,0.9500000000,0.9500000000,0,760,8,100
0,8047,0.2025000000,0.5712500000,8,457,8,100
0,8048,0.7462500000,0.7462500000,0,597,8,100
0,8061,0.9687500000,0.9687500000,0,775,8,100
0,8063,0.9687500000,0.9687500000,0,775,8,100
0,8064,0.9037500000,0.9037500000,0,723,8,100
0,8073,0.7525000000,0.7525000000,0,602,8,100
0,8105,0.8637500000,0.8637500000,0,691,8,100
0,8121,0.9912500000,0.9912500000,0,793,8,100
0,8156,0.8562500000,0.8562500000,0,685,8,100
0,8163,0.9875000000,0.9875000000,0,790,8,100
0,8185,0.9837500000,0.9837500000,0,787,8,100
0,8197,0.1650000000,0.8300000000,8,664,8,100
0,8210,0.9912500000,0.9912500000,0,793,8,100
0,8230,0.9800000000,0.9800000000,0,784,8,100
0,8262,0.5725000000,0.5725000000,0,458,8,100
0,8265,0.9512500000,0.9512500000,0,761,8,100
0,8267,0.4625000000,0.4625000000,0,370,8,100
0,8293,0.9500000000,0.9500000000,0,760,8,100
0,8351,0.7075000000,0.7075000000,0,566,8,100
0,8357,0.1750000000,0.5275000000,6,422,8,100
0,8358,0.9912500000,0.9912500000,0,793,8,100
0,8387,0.6175000000,0.6175000000,0,494,8,100
0,8397,0.4350000000,0.4350000000,0,348,8,100
0,8400,0.6875000000,0.6875000000,0,550,8,100
0,8402,0.9825000000,0.9825000000,0,786,8,100
0,8405,0.4075000000,0.4075000000,0,326,8,100
0,8415,0.9325000000,0.9325000000,0,746,8,100
0,8447,0.4425000000,0.4425000000,0,354,8,100
0,8471,0.0700000000,0.8662500000,8,693,8,100
0,8476,0.0012500000,0.7587500000,4,607,8,100
0,8483,0.9675000000,0.9675000000,0,774,8,100
0,8485,0.9525000000,0.9525000000,0,762,8,100
0,8492,0.0162500000,0.6925000000,9,554,8,100
0,8496,0.9687500000,0.9687500000,0,775,8,100
0,8529,0.6062500000,0.6062500000,0,485,8,100
0,8537,0.9937500000,0.9937500000,0,795,8,100
0,8543,0.9612500000,0.9612500000,0,769,8,100
0,8554,0.8687500000,0.8687500000,0,695,8,100
0,8563,0.4237500000,0.4237500000,0,339,8,100
0,8572,0.9587500000,0.9587500000,0,767,8,100
0,8590,0.8400000000,0.8400000000,0,672,8,100
0,8592,0.9225000000,0.9225000000,0,738,8,100
0,8638,0.9587500000,0.9587500000,0,767,8,100
0,8643,0.9875000000,0.9875000000,0,790,8,100
0,8666,0.3662500000,0.4162500000,8,333,8,100
0,8694,0.7250000000,0.7250000000,0,580,8,100
0,8702,0.5575000000,0.5575000000,0,446,8,100
0,8743,0.0025000000,0.9050000000,8,724,8,100
0,8761,0.8975000000,0.8975000000,0,718,8,100
0,8769,0.9837500000,0.9837500000,0,787,8,100
0,8777,0.9575000000,0.9575000000,0,766,8,100
0,8790,0.9425000000,0.9425000000,0,754,8,100
0,8795,0.9750000000,0.9750000000,0,780,8,100
0,8800,0.9437500000,0.9437500000,0,755,8,100
0,8812,0.9850000000,0.9850000000,0,788,8,100
0,8819,0.9925000000,0.9925000000,0,794,8,100
0,8825,0.1437500000,0.7325000000,8,586,8,100
0,8828,0.0212500000,0.8275000000,6,662,8,100
0,8829,0.9937500000,0.9937500000,0,795,8,100
0,8851,0.9875000000,0.9875000000,0,790,8,100
0,8856,0.9225000000,0.9225000000,0,738,8,100
0,8857,0.1925000000,0.4550000000,9,364,8,100
0,8862,0.9262500000,0.9262500000,0,741,8,100
0,8876,0.6500000000,0.6500000000,0,520,8,100
0,8884,0.4725000000,0.4937500000,7,395,8,100
0,8894,0.9637500000,0.9637500000,0,771,8,100
0,8895,0.9750000000,0.9750000000,0,780,8,100
0,8903,0.9212500000,0.9212500000,0,737,8,100
0,8909,0.9875000000,0.9875000000,0,790,8,100
0,8917,0.8525000000,0.8525000000,0,682,8,100
0,8925,0.9725000000,0.9725000000,0,778,8,100
0,8935,0.9812500000,0.9812500000,0,785,8,100
0,8941,0.8712500000,0.8712500000,0,697,8,100
0,8960,0.5975000000,0.5975000000,0,478,8,100
0,8961,0.9475000000,0.9475000000,0,758,8,100
0,8964,0.8575000000,0.8575000000,0,686,8,100
0,8970,0.9887500000,0.9887500000,0,791,8,100
0,8977,0.0825000000,0.2512500000,1,201,8,100
0,8991,0.9312500000,0.9312500000,0,745,8,100
0,8993,0.0412500000,0.9425000000,9,754,8,100
0,9008,0.9887500000,0.9887500000,0,791,8,100
0,9017,0.9700000000,0.9700000000,0,776,8,100
0,9021,0.9025000000,0.9025000000,0,722,8,100
0,9024,0.9175000000,0.9175000000,0,734,8,100
0,9031,0.8325000000,0.8325000000,0,666,8,100
0,9045,0.9862500000,0.9862500000,0,789,8,100
0,9046,0.8675000000,0.8675000000,0,694,8,100
0,9048,0.1150000000,0.8375000000,9,670,8,100
0,9052,0.9600000000,0.9600000000,0,768,8,100
0,9065,0.6850000000,0.6850000000,0,548,8,100
0,9075,0.9787500000,0.9787500000,0,783,8,100
0,9086,0.9925000000,0.9925000000,0,794,8,100
0,9097,0.9075000000,0.9075000000,0,726,8,100
0,9111,0.9875000000,0.9875000000,0,790,8,100
0,9124,0.9850000000,0.9850000000,0,788,8,100
0,9144,0.7862500000,0.7862500000,0,629,8,100
0,9151,0.9825000000,0.9825000000,0,786,8,100
0,9170,0.6175000000,0.6175000000,0,494,8,100
0,9172,0.9725000000,0.9725000000,0,778,8,100
0,9181,0.9900000000,0.9900000000,0,792,8,100
0,9182,0.9875000000,0.9875000000,0,790,8,100
0,9193,0.7025000000,0.7025000000,0,562,8,100
0,9196,0.9775000000,0.9775000000,0,782,8,100
0,9208,0.8925000000,0.8925000000,0,714,8,100
0,9235,0.9475000000,0.9475000000,0,758,8,100
0,9248,0.6625000000,0.6625000000,0,530,8,100
0,9256,0.9912500000,0.9912500000,0,793,8,100
0,9262,0.1237500000,0.6412500000,3,513,8,100
0,9271,0.9025000000,0.9025000000,0,722,8,100
0,9272,0.9812500000,0.9812500000,0,785,8,100
0,9273,0.6012500000,0.6012500000,0,481,8,100
0,9326,0.9862500000,0.9862500000,0,789,8,100
0,9333,0.9537500000,0.9537500000,0,763,8,100
0,9354,0.9837500000,0.9837500000,0,787,8,100
0,9356,0.9275000000,0.9275000000,0,742,8,100
0,9392,0.8287500000,0.8287500000,0,663,8,100
0,9413,0.9912500000,0.9912500000,0,793,8,100
0,9415,0.0362500000,0.7200000000,4,576,8,100
0,9439,0.7175000000,0.7175000000,0,574,8,100
0,9459,0.8725000000,0.8725000000,0,698,8,100
0,9469,0.9925000000,0.9925000000,0,794,8,100
0,9473,0.9750000000,0.9750000000,0,780,8,100
0,9482,0.9625000000,0.9625000000,0,770,8,100
0,9483,0.8812500000,0.8812500000,0,705,8,100
0,9484,0.4437500000,0.4437500000,0,355,8,100
0,9493,0.4600000000,0.5175000000,8,414,8,100
0,9495,0.9600000000,0.9600000000,0,768,8,100
0,9499,0.9862500000,0.9862500000,0,789,8,100
0,9507,0.4012500000,0.4012500000,0,321,8,100
0,9512,0.9212500000,0.9212500000,0,737,8,100
0,9515,0.0750000000,0.7925000000,9,634,8,100
0,9528,0.2100000000,0.3975000000,8,318,8,100
0,9533,0.9750000000,0.9750000000,0,780,8,100
0,9539,0.9012500000,0.9012500000,0,721,8,100
0,9544,0.9625000000,0.9625000000,0,770,8,100
0,9558,0.9762500000,0.9762500000,0,781,8,100
0,9561,0.9575000000,0.9575000000,0,766,8,100
0,9565,0.9825000000,0.9825000000,0,786,8,100
0,9577,0.9837500000,0.9837500000,0,787,8,100
0,9590,0.6737500000,0.6737500000,0,539,8,100
0,9602,0.5975000000,0.5975000000,0,478,8,100
0,9608,0.8437500000,0.8437500000,0,675,8,100
0,9633,0.7687500000,0.7687500000,0,615,8,100
0,9642,0.9837500000,0.9837500000,0,787,8,100
0,9644,0.6250000000,0.6250000000,0,500,8,100
0,9656,0.9312500000,0.9312500000,0,745,8,100
0,9664,0.9812500000,0.9812500000,0,785,8,100
0,9685,0.8312500000,0.8312500000,0,665,8,100
0,9695,0.9825000000,0.9825000000,0,786,8,100
0,9699,0.1650000000,0.7187500000,9,575,8,100
0,9700,0.9337500000,0.9337500000,0,747,8,100
0,9709,0.5200000000,0.5200000000,0,416,8,100
0,9724,0.9475000000,0.9475000000,0,758,8,100
0,9747,0.9587500000,0.9587500000,0,767,8,100
0,9749,0.8700000000,0.8700000000,0,696,8,100
0,9751,0.8600000000,0.8600000000,0,688,8,100
0,9766,0.9737500000,0.9737500000,0,779,8,100
0,9772,0.8650000000,0.8650000000,0,692,8,100
0,9802,0.9800000000,0.9800000000,0,784,8,100
0,9818,0.9212500000,0.9212500000,0,737,8,100
0,9820,0.3812500000,0.3812500000,0,305,8,100
0,9822,0.9687500000,0.9687500000,0,775,8,100
0,9826,0.9825000000,0.9825000000,0,786,8,100
0,9841,0.6287500000,0.6287500000,0,503,8,100
0,9847,0.9775000000,0.9775000000,0,782,8,100
0,9849,0.3300000000,0.6400000000,2,512,8,100
0,9852,0.9537500000,0.9537500000,0,763,8,100
0,9857,0.1987500000,0.5187500000,1,415,8,100
0,9860,0.9287500000,0.9287500000,0,743,8,100
0,9872,0.7975000000,0.7975000000,0,638,8,100
0,9876,0.8212500000,0.8212500000,0,657,8,100
0,9888,0.9237500000,0.9237500000,0,739,8,100
0,9890,0.9925000000,0.9925000000,0,794,8,100
0,9904,0.9850000000,0.9850000000,0,788,8,100
0,9912,0.9725000000,0.9725000000,0,778,8,100
0,9921,0.7262500000,0.7262500000,0,581,8,100
0,9931,0.9875000000,0.9875000000,0,790,8,100
0,9946,0.9887500000,0.9887500000,0,791,8,100
0,9951,0.9725000000,0.9725000000,0,778,8,100
0,9954,0.6800000000,0.6800000000,0,544,8,100
0,9956,0.9137500000,0.9137500000,0,731,8,100
0,9957,0.6275000000,0.6275000000,0,502,8,100
0,9973,0.8262500000,0.8262500000,0,661,8,100
0,9980,0.9550000000,0.9550000000,0,764,8,100
0,9983,0.2225000000,0.4775000000,1,382,8,100
0,9987,0.9150000000,0.9150000000,0,732,8,100
0,9991,0.9400000000,0.9400000000,0,752,8,100
