yt,test_ds_index,epa,correct,M,N
0,982,0.0031250000,1,8,40
0,1072,0.0031250000,1,8,40
0,2136,0.0031250000,1,8,40
0,888,0.0062500000,2,8,40
0,2232,0.0062500000,2,8,40
0,7632,0.0093750000,3,8,40
0,8743,0.0093750000,3,8,40
0,8476,0.0156250000,5,8,40
0,1823,0.0218750000,7,8,40
0,378,0.0250000000,8,8,40
0,8828,0.0250000000,8,8,40
0,52,0.0312500000,10,8,40
0,428,0.0343750000,11,8,40
0,5787,0.0343750000,11,8,40
0,1718,0.0406250000,13,8,40
0,3171,0.0406250000,13,8,40
0,6729,0.0437500000,14,8,40
0,7449,0.0468750000,15,8,40
0,6491,0.0500000000,16,8,40
0,7778,0.0531250000,17,8,40
0,8492,0.0531250000,17,8,40
0,2058,0.0562500000,18,8,40
0,7816,0.0656250000,21,8,40
0,7609,0.0687500000,22,8,40
0,4287,0.0718750000,23,8,40
0,6985,0.0750000000,24,8,40
0,7815,0.0750000000,24,8,40
0,1485,0.0812500000,26,8,40
0,8977,0.0812500000,26,8,40
0,3494,0.0843750000,27,8,40
0,1137,0.0875000000,28,8,40
0,1898,0.0875000000,28,8,40
0,7453,0.0906250000,29,8,40
0,3550,0.0937500000,30,8,40
0,4355,0.0937500000,30,8,40
0,6748,0.0968750000,31,8,40
0,2532,0.1031250000,33,8,40
0,4038,0.1031250000,33,8,40
0,4606,0.1218750000,39,8,40
0,3587,0.1250000000,40,8,40
0,8471,0.1312500000,42,8,40
0,9048,0.1343750000,43,8,40
0,5923,0.1375000000,44,8,40
0,4748,0.1406250000,45,8,40
0,2958,0.1437500000,46,8,40
0,912,0.1468750000,47,8,40
0,6641,0.1468750000,47,8,40
0,7861,0.1468750000,47,8,40
0,8993,0.1500000000,48,8,40
0,2535,0.1531250000,49,8,40
0,3211,0.1593750000,51,8,40
0,6933,0.1593750000,51,8,40
0,5144,0.1625000000,52,8,40
0,6653,0.1625000000,52,8,40
0,5544,0.1656250000,53,8,40
0,1835,0.1687500000,54,8,40
0,8357,0.1687500000,54,8,40
0,767,0.1718750000,55,8,40
0,1323,0.1718750000,55,8,40
0,6549,0.1718750000,55,8,40
0,422,0.1750000000,56,8,40
0,2704,0.1750000000,56,8,40
0,3164,0.1781250000,57,8,40
0,5280,0.1781250000,57,8,40
0,9515,0.1781250000,57,8,40
0,258,0.1812500000,58,8,40
0,1574,0.1812500000,58,8,40
0,5809,0.1812500000,58,8,40
0,3299,0.1875000000,60,8,40
0,9983,0.1906250000,61,8,40
0,1739,0.1937500000,62,8,40
0,4408,0.2000000000,64,8,40
0,8825,0.2062500000,66,8,40
0,4880,0.2156250000,69,8,40
0,3321,0.2250000000,72,8,40
0,284,0.2281250000,73,8,40
0,3497,0.2281250000,73,8,40
0,5354,0.2281250000,73,8,40
0,1093,0.2343750000,75,8,40
0,6434,0.2343750000,75,8,40
0,5781,0.2375000000,76,8,40
0,2192,0.2468750000,79,8,40
0,9415,0.2468750000,79,8,40
0,3631,0.2593750000,83,8,40
0,6162,0.2593750000,83,8,40
0,287,0.2718750000,87,8,40
0,5327,0.2718750000,87,8,40
0,9857,0.2718750000,87,8,40
0,1241,0.2750000000,88,8,40
0,675,0.2812500000,90,8,40
0,678,0.2812500000,90,8,40
0,956,0.2812500000,90,8,40
0,6436,0.2843750000,91,8,40
0,531,0.2875000000,92,8,40
0,6077,0.2875000000,92,8,40
0,689,0.2906250000,93,8,40
0,886,0.2906250000,93,8,40
0,9262,0.2906250000,93,8,40
0,2379,0.2937500000,94,8,40
0,9248,0.2968750000,95,8,40
0,5037,0.3000000000,96,8,40
0,9528,0.3000000000,96,8,40
0,526,0.3031250000,97,8,40
0,2570,0.3031250000,97,8,40
0,3097,0.3031250000,97,8,40
0,6949,0.3031250000,97,8,40
0,3158,0.3093750000,99,8,40
0,6481,0.3093750000,99,8,40
0,4313,0.3125000000,100,8,40
0,313,0.3156250000,101,8,40
0,4447,0.3187500000,102,8,40
0,189,0.3250000000,104,8,40
0,491,0.3250000000,104,8,40
0,5626,0.3250000000,104,8,40
0,8405,0.3250000000,104,8,40
0,8563,0.3250000000,104,8,40
0,9484,0.3281250000,105,8,40
0,237,0.3343750000,107,8,40
0,3335,0.3375000000,108,8,40
0,477,0.3406250000,109,8,40
0,5328,0.3406250000,109,8,40
0,416,0.3437500000,110,8,40
0,1266,0.3437500000,110,8,40
0,4504,0.3437500000,110,8,40
0,8047,0.3437500000,110,8,40
0,2603,0.3468750000,111,8,40
0,6872,0.3468750000,111,8,40
0,125,0.3500000000,112,8,40
0,376,0.3500000000,112,8,40
0,6349,0.3500000000,112,8,40
0,9193,0.3500000000,112,8,40
0,8197,0.3562500000,114,8,40
0,8351,0.3562500000,114,8,40
0,8857,0.3593750000,115,8,40
0,3191,0.3625000000,116,8,40
0,6970,0.3625000000,116,8,40
0,9849,0.3687500000,118,8,40
0,3063,0.3718750000,119,8,40
0,6157,0.3781250000,121,8,40
0,9699,0.3781250000,121,8,40
0,9820,0.3781250000,121,8,40
0,8007,0.3843750000,123,8,40
0,8529,0.3875000000,124,8,40
0,4861,0.3906250000,125,8,40
0,3336,0.3937500000,126,8,40
0,4868,0.3937500000,126,8,40
0,7900,0.3937500000,126,8,40
0,6772,0.4000000000,128,8,40
0,8397,0.4000000000,128,8,40
0,8702,0.4000000000,128,8,40
0,9644,0.4000000000,128,8,40
0,1036,0.4031250000,129,8,40
0,4525,0.4062500000,130,8,40
0,6394,0.4062500000,130,8,40
0,1902,0.4093750000,131,8,40
0,5571,0.4093750000,131,8,40
0,6284,0.4093750000,131,8,40
0,6334,0.4093750000,131,8,40
0,9507,0.4093750000,131,8,40
0,2324,0.4125000000,132,8,40
0,7246,0.4125000000,132,8,40
0,8666,0.4125000000,132,8,40
0,74,0.4187500000,134,8,40
0,215,0.4187500000,134,8,40
0,5013,0.4187500000,134,8,40
0,5279,0.4187500000,134,8,40
0,4490,0.4218750000,135,8,40
0,9709,0.4218750000,135,8,40
0,2672,0.4250000000,136,8,40
0,2091,0.4281250000,137,8,40
0,6015,0.4281250000,137,8,40
0,4792,0.4312500000,138,8,40
0,5146,0.4343750000,139,8,40
0,7126,0.4343750000,139,8,40
0,4081,0.4406250000,141,8,40
0,3148,0.4562500000,146,8,40
0,4548,0.4562500000,146,8,40
0,4639,0.4593750000,147,8,40
0,7182,0.4593750000,147,8,40
0,9751,0.4593750000,147,8,40
0,785,0.4625000000,148,8,40
0,2276,0.4625000000,148,8,40
0,5074,0.4656250000,149,8,40
0,6821,0.4656250000,149,8,40
0,6877,0.4656250000,149,8,40
0,7356,0.4656250000,149,8,40
0,9957,0.4656250000,149,8,40
0,269,0.4687500000,150,8,40
0,6808,0.4687500000,150,8,40
0,8876,0.4687500000,150,8,40
0,1440,0.4750000000,152,8,40
0,3342,0.4750000000,152,8,40
0,2966,0.4781250000,153,8,40
0,5392,0.4812500000,154,8,40
0,4686,0.4843750000,155,8,40
0,9170,0.4843750000,155,8,40
0,264,0.4875000000,156,8,40
0,6619,0.4875000000,156,8,40
0,9273,0.4875000000,156,8,40
0,3490,0.4906250000,157,8,40
0,4294,0.4906250000,157,8,40
0,8400,0.4906250000,157,8,40
0,4446,0.4937500000,158,8,40
0,352,0.4968750000,159,8,40
0,6006,0.4968750000,159,8,40
0,4270,0.5000000000,160,8,40
0,255,0.5031250000,161,8,40
0,9493,0.5031250000,161,8,40
0,3444,0.5062500000,162,8,40
0,3511,0.5062500000,162,8,40
0,8048,0.5093750000,163,8,40
0,1322,0.5125000000,164,8,40
0,2434,0.5125000000,164,8,40
0,2087,0.5187500000,166,8,40
0,6146,0.5187500000,166,8,40
0,6261,0.5187500000,166,8,40
0,7402,0.5218750000,167,8,40
0,8267,0.5218750000,167,8,40
0,4062,0.5250000000,168,8,40
0,7809,0.5281250000,169,8,40
0,3820,0.5312500000,170,8,40
0,6180,0.5312500000,170,8,40
0,6953,0.5312500000,170,8,40
0,8447,0.5312500000,170,8,40
0,8884,0.5312500000,170,8,40
0,3219,0.5343750000,171,8,40
0,989,0.5375000000,172,8,40
0,6361,0.5375000000,172,8,40
0,7645,0.5375000000,172,8,40
0,7648,0.5375000000,172,8,40
0,2248,0.5406250000,173,8,40
0,3620,0.5406250000,173,8,40
0,2717,0.5437500000,174,8,40
0,6588,0.5468750000,175,8,40
0,5093,0.5500000000,176,8,40
0,9439,0.5500000000,176,8,40
0,857,0.5562500000,178,8,40
0,4118,0.5562500000,178,8,40
0,7138,0.5593750000,179,8,40
0,7843,0.5593750000,179,8,40
0,5649,0.5625000000,180,8,40
0,6799,0.5625000000,180,8,40
0,9590,0.5625000000,180,8,40
0,1203,0.5687500000,182,8,40
0,5460,0.5687500000,182,8,40
0,6294,0.5718750000,183,8,40
0,2473,0.5750000000,184,8,40
0,8262,0.5750000000,184,8,40
0,1434,0.5781250000,185,8,40
0,2215,0.5812500000,186,8,40
0,192,0.5843750000,187,8,40
0,2110,0.5843750000,187,8,40
0,2681,0.5843750000,187,8,40
0,6574,0.5843750000,187,8,40
0,2130,0.5875000000,188,8,40
0,5461,0.5875000000,188,8,40
0,6022,0.5875000000,188,8,40
0,7689,0.5875000000,188,8,40
0,7803,0.5875000000,188,8,40
0,4470,0.5906250000,189,8,40
0,6980,0.5906250000,189,8,40
0,7877,0.5906250000,189,8,40
0,1568,0.5937500000,190,8,40
0,3761,0.5937500000,190,8,40
0,6118,0.5937500000,190,8,40
0,2102,0.5968750000,191,8,40
0,2587,0.5968750000,191,8,40
0,6133,0.5968750000,191,8,40
0,8694,0.5968750000,191,8,40
0,7465,0.6000000000,192,8,40
0,9860,0.6000000000,192,8,40
0,2425,0.6031250000,193,8,40
0,5995,0.6031250000,193,8,40
0,7148,0.6031250000,193,8,40
0,97,0.6062500000,194,8,40
0,3680,0.6062500000,194,8,40
0,8960,0.6062500000,194,8,40
0,1728,0.6093750000,195,8,40
0,5679,0.6093750000,195,8,40
0,2200,0.6125000000,196,8,40
0,2697,0.6125000000,196,8,40
0,3005,0.6125000000,196,8,40
0,9065,0.6125000000,196,8,40
0,9633,0.6125000000,196,8,40
0,638,0.6187500000,198,8,40
0,642,0.6218750000,199,8,40
0,7912,0.6218750000,199,8,40
0,9749,0.6218750000,199,8,40
0,3207,0.6250000000,200,8,40
0,9818,0.6250000000,200,8,40
0,4450,0.6281250000,201,8,40
0,5968,0.6281250000,201,8,40
0,10,0.6312500000,202,8,40
0,2507,0.6312500000,202,8,40
0,2892,0.6312500000,202,8,40
0,2976,0.6312500000,202,8,40
0,3493,0.6312500000,202,8,40
0,5367,0.6312500000,202,8,40
0,2783,0.6343750000,203,8,40
0,4202,0.6343750000,203,8,40
0,9459,0.6343750000,203,8,40
0,581,0.6375000000,204,8,40
0,8073,0.6375000000,204,8,40
0,814,0.6406250000,205,8,40
0,3792,0.6406250000,205,8,40
0,4784,0.6406250000,205,8,40
0,5077,0.6406250000,205,8,40
0,6812,0.6406250000,205,8,40
0,7684,0.6406250000,205,8,40
0,8387,0.6406250000,205,8,40
0,4126,0.6437500000,206,8,40
0,4367,0.6437500000,206,8,40
0,2095,0.6500000000,208,8,40
0,2463,0.6500000000,208,8,40
0,3396,0.6500000000,208,8,40
0,5703,0.6500000000,208,8,40
0,5997,0.6500000000,208,8,40
0,7513,0.6500000000,208,8,40
0,539,0.6531250000,209,8,40
0,2668,0.6531250000,209,8,40
0,2821,0.6531250000,209,8,40
0,4180,0.6531250000,209,8,40
0,9392,0.6531250000,209,8,40
0,1343,0.6593750000,211,8,40
0,4586,0.6593750000,211,8,40
0,2782,0.6625000000,212,8,40
0,4474,0.6625000000,212,8,40
0,1785,0.6656250000,213,8,40
0,5310,0.6656250000,213,8,40
0,9841,0.6656250000,213,8,40
0,4780,0.6687500000,214,8,40
0,5762,0.6687500000,214,8,40
0,1409,0.6718750000,215,8,40
0,2085,0.6718750000,215,8,40
0,3429,0.6718750000,215,8,40
0,5806,0.6718750000,215,8,40
0,6437,0.6718750000,215,8,40
0,7146,0.6718750000,215,8,40
0,1076,0.6750000000,216,8,40
0,2264,0.6750000000,216,8,40
0,3425,0.6750000000,216,8,40
0,5278,0.6750000000,216,8,40
0,6029,0.6750000000,216,8,40
0,180,0.6781250000,217,8,40
0,2589,0.6781250000,217,8,40
0,3421,0.6781250000,217,8,40
0,5224,0.6781250000,217,8,40
0,9144,0.6781250000,217,8,40
0,2490,0.6812500000,218,8,40
0,6739,0.6812500000,218,8,40
0,8156,0.6812500000,218,8,40
0,9208,0.6812500000,218,8,40
0,1189,0.6843750000,219,8,40
0,5857,0.6843750000,219,8,40
0,6494,0.6843750000,219,8,40
0,885,0.6875000000,220,8,40
0,6408,0.6875000000,220,8,40
0,2794,0.6906250000,221,8,40
0,2877,0.6906250000,221,8,40
0,9872,0.6906250000,221,8,40
0,1573,0.6937500000,222,8,40
0,3087,0.6937500000,222,8,40
0,6001,0.6937500000,222,8,40
0,1022,0.6968750000,223,8,40
0,1686,0.6968750000,223,8,40
0,3765,0.6968750000,223,8,40
0,4217,0.6968750000,223,8,40
0,7594,0.6968750000,223,8,40
0,9046,0.6968750000,223,8,40
0,3,0.7000000000,224,8,40
0,8941,0.7000000000,224,8,40
0,2468,0.7031250000,225,8,40
0,2628,0.7031250000,225,8,40
0,2951,0.7031250000,225,8,40
0,5339,0.7031250000,225,8,40
0,5395,0.7031250000,225,8,40
0,7541,0.7031250000,225,8,40
0,4171,0.7062500000,226,8,40
0,6851,0.7062500000,226,8,40
0,7960,0.7062500000,226,8,40
0,179,0.7093750000,227,8,40
0,6854,0.7093750000,227,8,40
0,6966,0.7093750000,227,8,40
0,8917,0.7093750000,227,8,40
0,206,0.7125000000,228,8,40
0,1026,0.7125000000,228,8,40
0,3601,0.7125000000,228,8,40
0,6302,0.7125000000,228,8,40
0,6623,0.7125000000,228,8,40
0,7284,0.7125000000,228,8,40
0,9685,0.7125000000,228,8,40
0,6824,0.7156250000,229,8,40
0,7419,0.7156250000,229,8,40
0,7436,0.7156250000,229,8,40
0,153,0.7187500000,230,8,40
0,1001,0.7187500000,230,8,40
0,3927,0.7187500000,230,8,40
0,4004,0.7187500000,230,8,40
0,6061,0.7187500000,230,8,40
0,3258,0.7218750000,231,8,40
0,7257,0.7218750000,231,8,40
0,8590,0.7218750000,231,8,40
0,9956,0.7218750000,231,8,40
0,1789,0.7250000000,232,8,40
0,3754,0.7250000000,232,8,40
0,9097,0.7250000000,232,8,40
0,9602,0.7281250000,233,8,40
0,169,0.7312500000,234,8,40
0,4167,0.7312500000,234,8,40
0,6885,0.7312500000,234,8,40
0,9021,0.7312500000,234,8,40
0,21,0.7343750000,235,8,40
0,473,0.7343750000,235,8,40
0,7607,0.7343750000,235,8,40
0,281,0.7375000000,236,8,40
0,2404,0.7375000000,236,8,40
0,5669,0.7375000000,236,8,40
0,9921,0.7375000000,236,8,40
0,1959,0.7406250000,237,8,40
0,2993,0.7406250000,237,8,40
0,8026,0.7406250000,237,8,40
0,8862,0.7406250000,237,8,40
0,2622,0.7437500000,238,8,40
0,2879,0.7437500000,238,8,40
0,3111,0.7437500000,238,8,40
0,9656,0.7437500000,238,8,40
0,1514,0.7468750000,239,8,40
0,4667,0.7468750000,239,8,40
0,4937,0.7468750000,239,8,40
0,5618,0.7468750000,239,8,40
0,9052,0.7468750000,239,8,40
0,929,0.7500000000,240,8,40
0,4187,0.7500000000,240,8,40
0,6544,0.7500000000,240,8,40
0,27,0.7531250000,241,8,40
0,1796,0.7531250000,241,8,40
0,1932,0.7531250000,241,8,40
0,3475,0.7531250000,241,8,40
0,7315,0.7531250000,241,8,40
0,8961,0.7531250000,241,8,40
0,5220,0.7562500000,242,8,40
0,2679,0.7593750000,243,8,40
0,3050,0.7593750000,243,8,40
0,3412,0.7593750000,243,8,40
0,5516,0.7593750000,243,8,40
0,6241,0.7593750000,243,8,40
0,8043,0.7593750000,243,8,40
0,8761,0.7593750000,243,8,40
0,8991,0.7593750000,243,8,40
0,9888,0.7593750000,243,8,40
0,2909,0.7625000000,244,8,40
0,3177,0.7625000000,244,8,40
0,1926,0.7656250000,245,8,40
0,3897,0.7656250000,245,8,40
0,5462,0.7656250000,245,8,40
0,9271,0.7656250000,245,8,40
0,1183,0.7687500000,246,8,40
0,2098,0.7687500000,246,8,40
0,2956,0.7687500000,246,8,40
0,7800,0.7687500000,246,8,40
0,8265,0.7687500000,246,8,40
0,9852,0.7687500000,246,8,40
0,496,0.7718750000,247,8,40
0,3608,0.7718750000,247,8,40
0,338,0.7750000000,248,8,40
0,2322,0.7750000000,248,8,40
0,8105,0.7750000000,248,8,40
0,9356,0.7750000000,248,8,40
0,4192,0.7781250000,249,8,40
0,5293,0.7781250000,249,8,40
0,7116,0.7781250000,249,8,40
0,928,0.7812500000,250,8,40
0,1103,0.7812500000,250,8,40
0,4453,0.7812500000,250,8,40
0,6351,0.7812500000,250,8,40
0,154,0.7843750000,251,8,40
0,1052,0.7843750000,251,8,40
0,1965,0.7843750000,251,8,40
0,3847,0.7843750000,251,8,40
0,9024,0.7843750000,251,8,40
0,5860,0.7875000000,252,8,40
0,1090,0.7906250000,253,8,40
0,3102,0.7906250000,253,8,40
0,6400,0.7906250000,253,8,40
0,8415,0.7906250000,253,8,40
0,8903,0.7906250000,253,8,40
0,8964,0.7906250000,253,8,40
0,2548,0.7937500000,254,8,40
0,4374,0.7937500000,254,8,40
0,6633,0.7937500000,254,8,40
0,7373,0.7937500000,254,8,40
0,8293,0.7937500000,254,8,40
0,8894,0.7937500000,254,8,40
0,9235,0.7937500000,254,8,40
0,1023,0.7968750000,255,8,40
0,1555,0.7968750000,255,8,40
0,2302,0.7968750000,255,8,40
0,5302,0.7968750000,255,8,40
0,5722,0.7968750000,255,8,40
0,522,0.8000000000,256,8,40
0,2166,0.8000000000,256,8,40
0,2298,0.8000000000,256,8,40
0,5027,0.8000000000,256,8,40
0,5569,0.8000000000,256,8,40
0,5716,0.8000000000,256,8,40
0,822,0.8031250000,257,8,40
0,4387,0.8031250000,257,8,40
0,9876,0.8031250000,257,8,40
0,9987,0.8031250000,257,8,40
0,398,0.8062500000,258,8,40
0,1319,0.8062500000,258,8,40
0,4991,0.8062500000,258,8,40
0,8925,0.8062500000,258,8,40
0,742,0.8093750000,259,8,40
0,2079,0.8093750000,259,8,40
0,2388,0.8093750000,259,8,40
0,5236,0.8093750000,259,8,40
0,7560,0.8093750000,259,8,40
0,8790,0.8093750000,259,8,40
0,1027,0.8125000000,260,8,40
0,1165,0.8125000000,260,8,40
0,3070,0.8125000000,260,8,40
0,3184,0.8125000000,260,8,40
0,5374,0.8125000000,260,8,40
0,7737,0.8125000000,260,8,40
0,7754,0.8125000000,260,8,40
0,9561,0.8125000000,260,8,40
0,919,0.8156250000,261,8,40
0,3338,0.8156250000,261,8,40
0,4269,0.8156250000,261,8,40
0,5043,0.8156250000,261,8,40
0,5126,0.8156250000,261,8,40
0,5721,0.8156250000,261,8,40
0,6355,0.8156250000,261,8,40
0,9031,0.8156250000,261,8,40
0,9772,0.8156250000,261,8,40
0,1735,0.8187500000,262,8,40
0,6480,0.8187500000,262,8,40
0,1461,0.8218750000,263,8,40
0,2973,0.8218750000,263,8,40
0,3845,0.8218750000,263,8,40
0,4726,0.8218750000,263,8,40
0,5242,0.8218750000,263,8,40
0,7103,0.8218750000,263,8,40
0,7990,0.8218750000,263,8,40
0,9539,0.8218750000,263,8,40
0,2160,0.8250000000,264,8,40
0,2964,0.8250000000,264,8,40
0,4510,0.8250000000,264,8,40
0,7347,0.8250000000,264,8,40
0,7544,0.8250000000,264,8,40
0,7850,0.8250000000,264,8,40
0,7929,0.8250000000,264,8,40
0,315,0.8281250000,265,8,40
0,3965,0.8281250000,265,8,40
0,6860,0.8281250000,265,8,40
0,7289,0.8281250000,265,8,40
0,8638,0.8281250000,265,8,40
0,9512,0.8281250000,265,8,40
0,1237,0.8312500000,266,8,40
0,1596,0.8312500000,266,8,40
0,2330,0.8312500000,266,8,40
0,5891,0.8312500000,266,8,40
0,6055,0.8312500000,266,8,40
0,6629,0.8312500000,266,8,40
0,489,0.8343750000,267,8,40
0,883,0.8343750000,267,8,40
0,2375,0.8343750000,267,8,40
0,6069,0.8343750000,267,8,40
0,6660,0.8343750000,267,8,40
0,9991,0.8343750000,267,8,40
0,3117,0.8375000000,268,8,40
0,5189,0.8375000000,268,8,40
0,6621,0.8375000000,268,8,40
0,6696,0.8375000000,268,8,40
0,7178,0.8375000000,268,8,40
0,7189,0.8375000000,268,8,40
0,9483,0.8375000000,268,8,40
0,1109,0.8406250000,269,8,40
0,4226,0.8406250000,269,8,40
0,4922,0.8406250000,269,8,40
0,8592,0.8406250000,269,8,40
0,1714,0.8437500000,270,8,40
0,3679,0.8437500000,270,8,40
0,5804,0.8437500000,270,8,40
0,6418,0.8437500000,270,8,40
0,7077,0.8437500000,270,8,40
0,7880,0.8437500000,270,8,40
0,524,0.8468750000,271,8,40
0,3100,0.8468750000,271,8,40
0,3278,0.8468750000,271,8,40
0,4308,0.8468750000,271,8,40
0,7871,0.8468750000,271,8,40
0,8572,0.8468750000,271,8,40
0,2678,0.8500000000,272,8,40
0,3782,0.8500000000,272,8,40
0,3903,0.8500000000,272,8,40
0,8895,0.8500000000,272,8,40
0,406,0.8531250000,273,8,40
0,763,0.8531250000,273,8,40
0,1446,0.8531250000,273,8,40
0,6221,0.8531250000,273,8,40
0,6306,0.8531250000,273,8,40
0,7018,0.8531250000,273,8,40
0,7154,0.8531250000,273,8,40
0,8031,0.8531250000,273,8,40
0,5160,0.8562500000,274,8,40
0,7038,0.8562500000,274,8,40
0,9973,0.8562500000,274,8,40
0,2368,0.8593750000,275,8,40
0,3660,0.8593750000,275,8,40
0,5190,0.8593750000,275,8,40
0,6191,0.8593750000,275,8,40
0,2724,0.8625000000,276,8,40
0,499,0.8656250000,277,8,40
0,1463,0.8656250000,277,8,40
0,1973,0.8656250000,277,8,40
0,3302,0.8656250000,277,8,40
0,3399,0.8656250000,277,8,40
0,4373,0.8656250000,277,8,40
0,6644,0.8656250000,277,8,40
0,6717,0.8656250000,277,8,40
0,7010,0.8656250000,277,8,40
0,2968,0.8687500000,278,8,40
0,3536,0.8687500000,278,8,40
0,5225,0.8687500000,278,8,40
0,8024,0.8687500000,278,8,40
0,8485,0.8687500000,278,8,40
0,9533,0.8687500000,278,8,40
0,9954,0.8687500000,278,8,40
0,4840,0.8718750000,279,8,40
0,5454,0.8718750000,279,8,40
0,5880,0.8718750000,279,8,40
0,6082,0.8718750000,279,8,40
0,9766,0.8718750000,279,8,40
0,602,0.8750000000,280,8,40
0,3426,0.8750000000,280,8,40
0,5091,0.8750000000,280,8,40
0,5259,0.8750000000,280,8,40
0,7742,0.8750000000,280,8,40
0,7863,0.8750000000,280,8,40
0,9700,0.8750000000,280,8,40
0,3866,0.8781250000,281,8,40
0,5437,0.8781250000,281,8,40
0,8008,0.8781250000,281,8,40
0,9747,0.8781250000,281,8,40
0,297,0.8812500000,282,8,40
0,3441,0.8812500000,282,8,40
0,6258,0.8812500000,282,8,40
0,7096,0.8812500000,282,8,40
0,7511,0.8812500000,282,8,40
0,9495,0.8812500000,282,8,40
0,1776,0.8843750000,283,8,40
0,3943,0.8843750000,283,8,40
0,5357,0.8843750000,283,8,40
0,5585,0.8843750000,283,8,40
0,7031,0.8843750000,283,8,40
0,7164,0.8843750000,283,8,40
0,7718,0.8843750000,283,8,40
0,44,0.8875000000,284,8,40
0,774,0.8875000000,284,8,40
0,2257,0.8875000000,284,8,40
0,4349,0.8875000000,284,8,40
0,6462,0.8875000000,284,8,40
0,6864,0.8875000000,284,8,40
0,7240,0.8875000000,284,8,40
0,7523,0.8875000000,284,8,40
0,9333,0.8875000000,284,8,40
0,359,0.8906250000,285,8,40
0,1310,0.8906250000,285,8,40
0,1651,0.8906250000,285,8,40
0,3467,0.8906250000,285,8,40
0,3551,0.8906250000,285,8,40
0,5065,0.8906250000,285,8,40
0,7477,0.8906250000,285,8,40
0,1705,0.8937500000,286,8,40
0,2812,0.8937500000,286,8,40
0,3651,0.8937500000,286,8,40
0,7616,0.8937500000,286,8,40
0,8970,0.8937500000,286,8,40
0,9847,0.8937500000,286,8,40
0,2185,0.8968750000,287,8,40
0,6057,0.8968750000,287,8,40
0,7165,0.8968750000,287,8,40
0,1617,0.9000000000,288,8,40
0,4219,0.9000000000,288,8,40
0,4901,0.9000000000,288,8,40
0,5253,0.9000000000,288,8,40
0,6047,0.9000000000,288,8,40
0,7102,0.9000000000,288,8,40
0,7994,0.9000000000,288,8,40
0,8483,0.9000000000,288,8,40
0,8496,0.9000000000,288,8,40
0,9473,0.9000000000,288,8,40
0,9544,0.9000000000,288,8,40
0,2594,0.9031250000,289,8,40
0,4216,0.9031250000,289,8,40
0,8064,0.9031250000,289,8,40
0,8856,0.9031250000,289,8,40
0,4228,0.9062500000,290,8,40
0,4419,0.9062500000,290,8,40
0,6187,0.9062500000,290,8,40
0,6347,0.9062500000,290,8,40
0,6450,0.9062500000,290,8,40
0,6648,0.9062500000,290,8,40
0,8121,0.9062500000,290,8,40
0,8230,0.9062500000,290,8,40
0,8554,0.9062500000,290,8,40
0,9664,0.9062500000,290,8,40
0,3048,0.9093750000,291,8,40
0,3825,0.9093750000,291,8,40
0,7034,0.9093750000,291,8,40
0,8063,0.9093750000,291,8,40
0,8777,0.9093750000,291,8,40
0,9482,0.9093750000,291,8,40
0,4040,0.9125000000,292,8,40
0,4909,0.9125000000,292,8,40
0,5524,0.9125000000,292,8,40
0,5652,0.9125000000,292,8,40
0,6738,0.9125000000,292,8,40
0,98,0.9156250000,293,8,40
0,423,0.9156250000,293,8,40
0,778,0.9156250000,293,8,40
0,854,0.9156250000,293,8,40
0,1210,0.9156250000,293,8,40
0,1652,0.9156250000,293,8,40
0,1712,0.9156250000,293,8,40
0,1760,0.9156250000,293,8,40
0,1903,0.9156250000,293,8,40
0,3672,0.9156250000,293,8,40
0,4295,0.9156250000,293,8,40
0,5164,0.9156250000,293,8,40
0,5798,0.9156250000,293,8,40
0,6650,0.9156250000,293,8,40
0,6775,0.9156250000,293,8,40
0,6996,0.9156250000,293,8,40
0,8402,0.9156250000,293,8,40
0,1744,0.9187500000,294,8,40
0,2344,0.9187500000,294,8,40
0,3548,0.9187500000,294,8,40
0,3650,0.9187500000,294,8,40
0,4763,0.9187500000,294,8,40
0,4817,0.9187500000,294,8,40
0,5827,0.9187500000,294,8,40
0,6247,0.9187500000,294,8,40
0,9608,0.9187500000,294,8,40
0,9980,0.9187500000,294,8,40
0,914,0.9218750000,295,8,40
0,2041,0.9218750000,295,8,40
0,2122,0.9218750000,295,8,40
0,2674,0.9218750000,295,8,40
0,3261,0.9218750000,295,8,40
0,4305,0.9218750000,295,8,40
0,6081,0.9218750000,295,8,40
0,9951,0.9218750000,295,8,40
0,111,0.9250000000,296,8,40
0,257,0.9250000000,296,8,40
0,1152,0.9250000000,296,8,40
0,2411,0.9250000000,296,8,40
0,4771,0.9250000000,296,8,40
0,6350,0.9250000000,296,8,40
0,7139,0.9250000000,296,8,40
0,7851,0.9250000000,296,8,40
0,847,0.9281250000,297,8,40
0,1664,0.9281250000,297,8,40
0,4557,0.9281250000,297,8,40
0,7652,0.9281250000,297,8,40
0,9912,0.9281250000,297,8,40
0,90,0.9312500000,298,8,40
0,276,0.9312500000,298,8,40
0,1579,0.9312500000,298,8,40
0,3971,0.9312500000,298,8,40
0,4162,0.9312500000,298,8,40
0,5583,0.9312500000,298,8,40
0,7533,0.9312500000,298,8,40
0,7869,0.9312500000,298,8,40
0,9196,0.9312500000,298,8,40
0,527,0.9343750000,299,8,40
0,946,0.9343750000,299,8,40
0,4102,0.9343750000,299,8,40
0,4939,0.9343750000,299,8,40
0,5707,0.9343750000,299,8,40
0,6815,0.9343750000,299,8,40
0,7115,0.9343750000,299,8,40
0,8185,0.9343750000,299,8,40
0,841,0.9375000000,300,8,40
0,944,0.9375000000,300,8,40
0,1197,0.9375000000,300,8,40
0,1912,0.9375000000,300,8,40
0,4802,0.9375000000,300,8,40
0,5173,0.9375000000,300,8,40
0,5295,0.9375000000,300,8,40
0,6003,0.9375000000,300,8,40
0,6091,0.9375000000,300,8,40
0,6320,0.9375000000,300,8,40
0,6712,0.9375000000,300,8,40
0,6884,0.9375000000,300,8,40
0,8800,0.9375000000,300,8,40
0,9413,0.9375000000,300,8,40
0,9822,0.9375000000,300,8,40
0,116,0.9406250000,301,8,40
0,1018,0.9406250000,301,8,40
0,1646,0.9406250000,301,8,40
0,2461,0.9406250000,301,8,40
0,5021,0.9406250000,301,8,40
0,6601,0.9406250000,301,8,40
0,9326,0.9406250000,301,8,40
0,9499,0.9406250000,301,8,40
0,298,0.9437500000,302,8,40
0,1161,0.9437500000,302,8,40
0,1748,0.9437500000,302,8,40
0,3823,0.9437500000,302,8,40
0,4113,0.9437500000,302,8,40
0,5844,0.9437500000,302,8,40
0,5948,0.9437500000,302,8,40
0,6583,0.9437500000,302,8,40
0,6663,0.9437500000,302,8,40
0,8643,0.9437500000,302,8,40
0,9172,0.9437500000,302,8,40
0,1188,0.9468750000,303,8,40
0,1879,0.9468750000,303,8,40
0,2077,0.9468750000,303,8,40
0,2109,0.9468750000,303,8,40
0,4123,0.9468750000,303,8,40
0,4461,0.9468750000,303,8,40
0,4701,0.9468750000,303,8,40
0,5452,0.9468750000,303,8,40
0,5491,0.9468750000,303,8,40
0,7209,0.9468750000,303,8,40
0,8935,0.9468750000,303,8,40
0,9826,0.9468750000,303,8,40
0,447,0.9500000000,304,8,40
0,667,0.9500000000,304,8,40
0,1949,0.9500000000,304,8,40
0,4028,0.9500000000,304,8,40
0,6036,0.9500000000,304,8,40
0,8543,0.9500000000,304,8,40
0,8769,0.9500000000,304,8,40
0,9904,0.9500000000,304,8,40
0,1851,0.9531250000,305,8,40
0,2680,0.9531250000,305,8,40
0,3024,0.9531250000,305,8,40
0,4104,0.9531250000,305,8,40
0,4153,0.9531250000,305,8,40
0,5475,0.9531250000,305,8,40
0,5735,0.9531250000,305,8,40
0,6222,0.9531250000,305,8,40
0,6548,0.9531250000,305,8,40
0,7454,0.9531250000,305,8,40
0,7681,0.9531250000,305,8,40
0,8061,0.9531250000,305,8,40
0,8909,0.9531250000,305,8,40
0,9045,0.9531250000,305,8,40
0,9151,0.9531250000,305,8,40
0,1875,0.9562500000,306,8,40
0,3112,0.9562500000,306,8,40
0,5036,0.9562500000,306,8,40
0,5255,0.9562500000,306,8,40
0,6331,0.9562500000,306,8,40
0,6476,0.9562500000,306,8,40
0,6676,0.9562500000,306,8,40
0,7836,0.9562500000,306,8,40
0,9695,0.9562500000,306,8,40
0,2913,0.9593750000,307,8,40
0,4056,0.9593750000,307,8,40
0,4666,0.9593750000,307,8,40
0,4673,0.9593750000,307,8,40
0,4809,0.9593750000,307,8,40
0,5256,0.9593750000,307,8,40
0,5382,0.9593750000,307,8,40
0,6128,0.9593750000,307,8,40
0,2749,0.9625000000,308,8,40
0,4415,0.9625000000,308,8,40
0,4558,0.9625000000,308,8,40
0,5223,0.9625000000,308,8,40
0,5587,0.9625000000,308,8,40
0,6328,0.9625000000,308,8,40
0,7733,0.9625000000,308,8,40
0,7838,0.9625000000,308,8,40
0,9469,0.9625000000,308,8,40
0,9558,0.9625000000,308,8,40
0,791,0.9656250000,309,8,40
0,1078,0.9656250000,309,8,40
0,1726,0.9656250000,309,8,40
0,2040,0.9656250000,309,8,40
0,2400,0.9656250000,309,8,40
0,3445,0.9656250000,309,8,40
0,3955,0.9656250000,309,8,40
0,7069,0.9656250000,309,8,40
0,7354,0.9656250000,309,8,40
0,7683,0.9656250000,309,8,40
0,7835,0.9656250000,309,8,40
0,7987,0.9656250000,309,8,40
0,8537,0.9656250000,309,8,40
0,8819,0.9656250000,309,8,40
0,9086,0.9656250000,309,8,40
0,9931,0.9656250000,309,8,40
0,2124,0.9687500000,310,8,40
0,6618,0.9687500000,310,8,40
0,7692,0.9687500000,310,8,40
0,7925,0.9687500000,310,8,40
0,8851,0.9687500000,310,8,40
0,1067,0.9718750000,311,8,40
0,1719,0.9718750000,311,8,40
0,2857,0.9718750000,311,8,40
0,4037,0.9718750000,311,8,40
0,4854,0.9718750000,311,8,40
0,9008,0.9718750000,311,8,40
0,9802,0.9718750000,311,8,40
0,864,0.9750000000,312,8,40
0,3568,0.9750000000,312,8,40
0,3992,0.9750000000,312,8,40
0,4340,0.9750000000,312,8,40
0,4515,0.9750000000,312,8,40
0,6923,0.9750000000,312,8,40
0,7428,0.9750000000,312,8,40
0,7434,0.9750000000,312,8,40
0,8795,0.9750000000,312,8,40
0,8812,0.9750000000,312,8,40
0,8829,0.9750000000,312,8,40
0,9124,0.9750000000,312,8,40
0,9577,0.9750000000,312,8,40
0,9642,0.9750000000,312,8,40
0,382,0.9781250000,313,8,40
0,1725,0.9781250000,313,8,40
0,2614,0.9781250000,313,8,40
0,2833,0.9781250000,313,8,40
0,3248,0.9781250000,313,8,40
0,7196,0.9781250000,313,8,40
0,8163,0.9781250000,313,8,40
0,9272,0.9781250000,313,8,40
0,868,0.9812500000,314,8,40
0,1397,0.9812500000,314,8,40
0,1694,0.9812500000,314,8,40
0,2569,0.9812500000,314,8,40
0,3483,0.9812500000,314,8,40
0,4181,0.9812500000,314,8,40
0,6105,0.9812500000,314,8,40
0,244,0.9843750000,315,8,40
0,584,0.9843750000,315,8,40
0,2113,0.9843750000,315,8,40
0,2979,0.9843750000,315,8,40
0,3294,0.9843750000,315,8,40
0,4426,0.9843750000,315,8,40
0,8017,0.9843750000,315,8,40
0,9354,0.9843750000,315,8,40
0,9565,0.9843750000,315,8,40
0,9724,0.9843750000,315,8,40
0,9890,0.9843750000,315,8,40
0,560,0.9875000000,316,8,40
0,1077,0.9875000000,316,8,40
0,1365,0.9875000000,316,8,40
0,2249,0.9875000000,316,8,40
0,2370,0.9875000000,316,8,40
0,2792,0.9875000000,316,8,40
0,3740,0.9875000000,316,8,40
0,4194,0.9875000000,316,8,40
0,5584,0.9875000000,316,8,40
0,5788,0.9875000000,316,8,40
0,6304,0.9875000000,316,8,40
0,6797,0.9875000000,316,8,40
0,7696,0.9875000000,316,8,40
0,7698,0.9875000000,316,8,40
0,8210,0.9875000000,316,8,40
0,8358,0.9875000000,316,8,40
0,9111,0.9875000000,316,8,40
0,975,0.9906250000,317,8,40
0,2341,0.9906250000,317,8,40
0,2715,0.9906250000,317,8,40
0,3499,0.9906250000,317,8,40
0,4328,0.9906250000,317,8,40
0,4591,0.9906250000,317,8,40
0,4824,0.9906250000,317,8,40
0,4953,0.9906250000,317,8,40
0,5124,0.9906250000,317,8,40
0,5951,0.9906250000,317,8,40
0,7774,0.9906250000,317,8,40
0,1819,0.9937500000,318,8,40
0,2241,0.9937500000,318,8,40
0,6363,0.9937500000,318,8,40
0,6508,0.9937500000,318,8,40
0,7701,0.9937500000,318,8,40
0,7811,0.9937500000,318,8,40
0,9017,0.9937500000,318,8,40
0,1010,0.9968750000,319,8,40
0,4759,0.9968750000,319,8,40
0,5543,0.9968750000,319,8,40
0,7748,0.9968750000,319,8,40
0,9075,0.9968750000,319,8,40
0,9181,0.9968750000,319,8,40
0,9182,0.9968750000,319,8,40
0,9256,0.9968750000,319,8,40
0,9946,0.9968750000,319,8,40
0,235,1.0000000000,320,8,40
0,1295,1.0000000000,320,8,40
0,2373,1.0000000000,320,8,40
0,4356,1.0000000000,320,8,40
0,4968,1.0000000000,320,8,40
0,5055,1.0000000000,320,8,40
0,5260,1.0000000000,320,8,40
