yt,yt_wnid,yt_name,val_ds_index,rel_path,epa,correct,M,N
0,n01443537,"goldfish, Carassius auratus",68,val/images/val_68.JPEG,0.2281250000,73,8,40
0,n01443537,"goldfish, Carassius auratus",611,val/images/val_611.JPEG,0.6718750000,215,8,40
0,n01443537,"goldfish, Carassius auratus",651,val/images/val_651.JPEG,0.6281250000,201,8,40
0,n01443537,"goldfish, Carassius auratus",653,val/images/val_653.JPEG,0.7750000000,248,8,40
0,n01443537,"goldfish, Carassius auratus",886,val/images/val_886.JPEG,0.6218750000,199,8,40
0,n01443537,"goldfish, Carassius auratus",1230,val/images/val_1230.JPEG,0.2250000000,72,8,40
0,n01443537,"goldfish, Carassius auratus",1267,val/images/val_1267.JPEG,0.7312500000,234,8,40
0,n01443537,"goldfish, Carassius auratus",1284,val/images/val_1284.JPEG,0.6656250000,213,8,40
0,n01443537,"goldfish, Carassius auratus",1551,val/images/val_1551.JPEG,0.6187500000,198,8,40
0,n01443537,"goldfish, Carassius auratus",1640,val/images/val_1640.JPEG,0.2718750000,87,8,40
0,n01443537,"goldfish, Carassius auratus",1917,val/images/val_1917.JPEG,0.8062500000,258,8,40
0,n01443537,"goldfish, Carassius auratus",2046,val/images/val_2046.JPEG,0.0437500000,14,8,40
0,n01443537,"goldfish, Carassius auratus",2086,val/images/val_2086.JPEG,0.5937500000,190,8,40
0,n01443537,"goldfish, Carassius auratus",2253,val/images/val_2253.JPEG,0.2843750000,91,8,40
0,n01443537,"goldfish, Carassius auratus",2337,val/images/val_2337.JPEG,0.8062500000,258,8,40
0,n01443537,"goldfish, Carassius auratus",2946,val/images/val_2946.JPEG,0.6156250000,197,8,40
0,n01443537,"goldfish, Carassius auratus",3419,val/images/val_3419.JPEG,0.3937500000,126,8,40
0,n01443537,"goldfish, Carassius auratus",3543,val/images/val_3543.JPEG,0.1000000000,32,8,40
0,n01443537,"goldfish, Carassius auratus",3545,val/images/val_3545.JPEG,0.2437500000,78,8,40
0,n01443537,"goldfish, Carassius auratus",3609,val/images/val_3609.JPEG,0.4000000000,128,8,40
0,n01443537,"goldfish, Carassius auratus",3772,val/images/val_3772.JPEG,0.0406250000,13,8,40
0,n01443537,"goldfish, Carassius auratus",4153,val/images/val_4153.JPEG,0.0187500000,6,8,40
0,n01443537,"goldfish, Carassius auratus",4385,val/images/val_4385.JPEG,0.6000000000,192,8,40
0,n01443537,"goldfish, Carassius auratus",4558,val/images/val_4558.JPEG,0.3375000000,108,8,40
0,n01443537,"goldfish, Carassius auratus",4653,val/images/val_4653.JPEG,0.0031250000,1,8,40
0,n01443537,"goldfish, Carassius auratus",4890,val/images/val_4890.JPEG,0.0031250000,1,8,40
0,n01443537,"goldfish, Carassius auratus",5085,val/images/val_5085.JPEG,0.0406250000,13,8,40
0,n01443537,"goldfish, Carassius auratus",5967,val/images/val_5967.JPEG,0.0031250000,1,8,40
0,n01443537,"goldfish, Carassius auratus",6065,val/images/val_6065.JPEG,0.5500000000,176,8,40
0,n01443537,"goldfish, Carassius auratus",6854,val/images/val_6854.JPEG,0.1687500000,54,8,40
0,n01443537,"goldfish, Carassius auratus",6874,val/images/val_6874.JPEG,0.1062500000,34,8,40
0,n01443537,"goldfish, Carassius auratus",6900,val/images/val_6900.JPEG,0.8406250000,269,8,40
0,n01443537,"goldfish, Carassius auratus",7088,val/images/val_7088.JPEG,0.2625000000,84,8,40
0,n01443537,"goldfish, Carassius auratus",7268,val/images/val_7268.JPEG,0.5312500000,170,8,40
0,n01443537,"goldfish, Carassius auratus",7281,val/images/val_7281.JPEG,0.8250000000,264,8,40
0,n01443537,"goldfish, Carassius auratus",7930,val/images/val_7930.JPEG,0.4531250000,145,8,40
0,n01443537,"goldfish, Carassius auratus",8095,val/images/val_8095.JPEG,0.0125000000,4,8,40
0,n01443537,"goldfish, Carassius auratus",8197,val/images/val_8197.JPEG,0.0343750000,11,8,40
0,n01443537,"goldfish, Carassius auratus",8481,val/images/val_8481.JPEG,0.2312500000,74,8,40
0,n01443537,"goldfish, Carassius auratus",8577,val/images/val_8577.JPEG,0.5125000000,164,8,40
0,n01443537,"goldfish, Carassius auratus",8585,val/images/val_8585.JPEG,0.8562500000,274,8,40
0,n01443537,"goldfish, Carassius auratus",8905,val/images/val_8905.JPEG,0.4281250000,137,8,40
0,n01443537,"goldfish, Carassius auratus",8908,val/images/val_8908.JPEG,0.7093750000,227,8,40
0,n01443537,"goldfish, Carassius auratus",9130,val/images/val_9130.JPEG,0.8062500000,258,8,40
0,n01443537,"goldfish, Carassius auratus",9215,val/images/val_9215.JPEG,0.0000000000,0,8,40
0,n01443537,"goldfish, Carassius auratus",9398,val/images/val_9398.JPEG,0.7093750000,227,8,40
0,n01443537,"goldfish, Carassius auratus",9467,val/images/val_9467.JPEG,0.7468750000,239,8,40
0,n01443537,"goldfish, Carassius auratus",9506,val/images/val_9506.JPEG,0.2218750000,71,8,40
0,n01443537,"goldfish, Carassius auratus",9560,val/images/val_9560.JPEG,0.5781250000,185,8,40
0,n01443537,"goldfish, Carassius auratus",9949,val/images/val_9949.JPEG,0.1656250000,53,8,40
